measure,layer,head,channel,level,change,n_same_sign,boundary_change,n_boundary_down,n_exp,consistent,boundary_consistent_down
beta,1,1,1,0.5417243242263794,-0.00025466285296715796,9,0.009096306748688221,5,17,False,False
beta,1,1,2,0.41754260659217834,-0.0018738039070740342,11,-0.0013848557136952877,11,17,False,False
beta,1,1,3,0.44810807704925537,-0.0002180517913075164,8,-0.003870585933327675,10,17,False,False
beta,1,1,4,0.4758981168270111,-0.0005126800388097763,11,-0.006144500803202391,11,17,False,False
beta,1,1,5,0.4178660809993744,0.0004986501298844814,10,-0.005517944227904081,9,17,False,False
beta,1,1,6,0.42684006690979004,0.0005045817233622074,11,0.004027806222438812,8,17,False,False
beta,1,1,7,0.3684142529964447,-0.0023387018591165543,9,0.002348469803109765,6,17,False,False
beta,1,1,8,0.4090554416179657,-0.0019715260714292526,6,-0.0034989973064512014,10,17,False,False
beta,1,1,9,0.3846243917942047,-0.003714140737429261,10,-0.013482480309903622,14,17,False,True
beta,1,1,10,0.3957211971282959,-0.0007155847852118313,8,0.003084604162722826,5,17,False,False
beta,1,1,11,0.35915616154670715,-0.0004272210644558072,13,-0.00046229115105234087,7,17,False,False
beta,1,1,12,0.44750699400901794,-0.0021613026037812233,12,0.0001555554335936904,9,17,False,False
beta,1,1,13,0.46258318424224854,0.0015862630680203438,6,-0.0003283745318185538,10,17,False,False
beta,1,1,14,0.4041292667388916,0.0006295914645306766,10,-0.003428202122449875,9,17,False,False
beta,1,1,15,0.3942483067512512,-0.0008286641677841544,8,0.004833017475903034,6,17,False,False
beta,1,1,16,0.5282483696937561,-0.0007501016370952129,11,0.006068699527531862,8,17,False,False
beta,1,1,17,0.44560906291007996,-0.000919882848393172,8,0.010669691488146782,1,17,False,False
beta,1,1,18,0.3893934488296509,-0.002740247640758753,10,-0.010155958123505116,12,17,False,False
beta,1,1,19,0.46646779775619507,-0.0020432379096746445,8,-0.009124327450990677,14,17,False,True
beta,1,1,20,0.5043870210647583,0.00047511415323242545,8,-0.00796421617269516,13,17,False,False
beta,1,1,21,0.429729163646698,-0.0003147685492876917,12,0.0043432568199932575,6,17,False,False
beta,1,1,22,0.45994120836257935,0.001430533011443913,7,-0.0016923588700592518,8,17,False,False
beta,1,1,23,0.4024237394332886,4.814335989067331e-05,12,-0.002942057326436043,10,17,False,False
beta,1,1,24,0.410487562417984,-0.00019905775843653828,13,0.0006095850840210915,7,17,False,False
beta,1,1,25,0.4487908184528351,-0.00084039440844208,7,-0.0030271392315626144,11,17,False,False
beta,1,1,26,0.3158602714538574,-0.0009838860714808106,12,-0.0012206177925691009,9,17,False,False
beta,1,1,27,0.3907566964626312,-0.0012438901467248797,13,0.00037452325341291726,7,17,False,False
beta,1,1,28,0.39928460121154785,-0.0013398912269622087,12,0.0038968499284237623,7,17,False,False
beta,1,1,29,0.5566985607147217,0.001438536331988871,7,0.0038293693214654922,5,17,False,False
beta,1,1,30,0.42197778820991516,-0.0009533081320114434,7,-0.00015014711243566126,7,17,False,False
beta,1,1,31,0.381823867559433,-0.0007280628778971732,14,0.003983646165579557,6,17,True,False
beta,1,1,32,0.34531092643737793,-0.0009708213619887829,14,-0.005271788686513901,12,17,True,False
beta,1,2,1,0.44024214148521423,0.0017287469236180186,4,0.007239197380840778,4,17,False,False
beta,1,2,2,0.4903501570224762,-0.0009385190787725151,6,-0.0011697692098096013,11,17,False,False
beta,1,2,3,0.4072829782962799,-0.002289111725986004,8,-0.0004920078790746629,10,17,False,False
beta,1,2,4,0.3645961284637451,-0.002856931183487177,11,-0.0016337166307494044,9,17,False,False
beta,1,2,5,0.41271859407424927,-0.0014650154625996947,11,0.012656164355576038,1,17,False,False
beta,1,2,6,0.44204163551330566,-0.0015030382201075554,13,0.004217596724629402,3,17,False,False
beta,1,2,7,0.5049042701721191,-0.0009333898779004812,10,0.0006055486155673862,7,17,False,False
beta,1,2,8,0.48733267188072205,0.002067814813926816,10,-0.006904866546392441,14,17,False,True
beta,1,2,9,0.474089115858078,0.0010373592376708984,10,-0.004257794935256243,8,17,False,False
beta,1,2,10,0.4739816188812256,-0.000394374190364033,9,0.006759774871170521,4,17,False,False
beta,1,2,11,0.4401950240135193,-0.0005012589390389621,7,0.0049421945586800575,7,17,False,False
beta,1,2,12,0.43002694845199585,0.0005593167152255774,9,-0.0024182170163840055,10,17,False,False
beta,1,2,13,0.4021015465259552,-0.0013450399274006486,11,-0.0032428144477307796,12,17,False,False
beta,1,2,14,0.42953401803970337,-0.0008820697548799217,13,-0.010980510152876377,11,17,False,False
beta,1,2,15,0.37170398235321045,-0.0012545693898573518,14,-0.002441129181534052,7,17,True,False
beta,1,2,16,0.5385645031929016,0.0017585252644494176,10,0.008744621649384499,9,17,False,False
beta,1,2,17,0.4433879256248474,-0.000642038881778717,8,0.003287819679826498,8,17,False,False
beta,1,2,18,0.37972491979599,0.0011909768218174577,6,0.0004709046916104853,10,17,False,False
beta,1,2,19,0.4494268000125885,-0.0009229627903550863,13,-0.0002428759471513331,8,17,False,False
beta,1,2,20,0.35554957389831543,-0.0012578252935782075,12,-0.001760418526828289,10,17,False,False
beta,1,2,21,0.43747931718826294,-8.936084486776963e-05,9,-0.009820080362260342,14,17,False,True
beta,1,2,22,0.4564063251018524,0.0007586940773762763,8,0.008697508834302425,2,17,False,False
beta,1,2,23,0.4404010772705078,-0.0011367984116077423,8,0.0009740310488268733,9,17,False,False
beta,1,2,24,0.4207574725151062,-8.543879084754735e-05,11,0.0002448387094773352,8,17,False,False
beta,1,2,25,0.43896573781967163,-0.0035019852221012115,9,-0.003484404180198908,11,17,False,False
beta,1,2,26,0.4652515947818756,0.001312551787123084,9,0.015238609164953232,3,17,False,False
beta,1,2,27,0.5258275270462036,0.001058029942214489,10,-0.01753445528447628,16,17,False,True
beta,1,2,28,0.4448026120662689,0.0008946207817643881,9,-0.00456961989402771,12,17,False,False
beta,1,2,29,0.5090519189834595,0.001162536907941103,8,0.0040055844001472,10,17,False,False
beta,1,2,30,0.44263795018196106,-0.00187550182454288,11,-0.006636554840952158,10,17,False,False
beta,1,2,31,0.45115408301353455,-0.0010925501119345427,13,-0.002143674297258258,9,17,False,False
beta,1,2,32,0.3939332962036133,-0.002636969555169344,13,-0.013782474212348461,13,17,False,False
beta,1,3,1,0.4003933370113373,2.2419122615247034e-05,7,0.0056007602252066135,6,17,False,False
beta,1,3,2,0.4230175316333771,-0.0002359312929911539,7,0.0024515630211681128,8,17,False,False
beta,1,3,3,0.4291355013847351,0.0008050511823967099,7,-0.006313684396445751,12,17,False,False
beta,1,3,4,0.4489440321922302,0.0005379230715334415,10,-0.006573561578989029,12,17,False,False
beta,1,3,5,0.41126757860183716,-0.00027785159181803465,9,0.006348572671413422,7,17,False,False
beta,1,3,6,0.4804740846157074,0.000924771127756685,11,0.006438028998672962,8,17,False,False
beta,1,3,7,0.49470284581184387,2.1209109036135487e-05,8,0.014117961749434471,1,17,False,False
beta,1,3,8,0.3934154212474823,1.4399393876374234e-05,10,-0.0061585488729178905,12,17,False,False
beta,1,3,9,0.4192178547382355,1.543313373986166e-05,8,0.006108738947659731,6,17,False,False
beta,1,3,10,0.39033228158950806,-0.0010148034198209643,12,0.0026962049305438995,4,17,False,False
beta,1,3,11,0.4014936089515686,0.0006244750111363828,7,0.003125756047666073,5,17,False,False
beta,1,3,12,0.4004285931587219,-0.0015766305150464177,11,0.005148772150278091,5,17,False,False
beta,1,3,13,0.3416549265384674,-0.0014014110201969743,14,-0.0014366450486704707,9,17,True,False
beta,1,3,14,0.39402833580970764,0.0004550488374661654,5,-1.438745493942406e-05,9,17,False,False
beta,1,3,15,0.42314669489860535,0.000971475092228502,8,0.005024117883294821,6,17,False,False
beta,1,3,16,0.3764992356300354,-0.0029490916058421135,8,-0.013523556292057037,16,17,False,True
beta,1,3,17,0.47628167271614075,0.00021077356359455734,8,-0.001629686914384365,11,17,False,False
beta,1,3,18,0.4591764807701111,-0.0010199610842391849,9,-0.00853784941136837,13,17,False,False
beta,1,3,19,0.5206442475318909,0.0013204512652009726,8,-0.005806725472211838,13,17,False,False
beta,1,3,20,0.42078259587287903,-0.0007811930263414979,10,-0.0020494337659329176,11,17,False,False
beta,1,3,21,0.5555806159973145,-0.0008864618139341474,11,0.005919661372900009,7,17,False,False
beta,1,3,22,0.36263400316238403,-0.0012198907788842916,10,-0.007744941860437393,14,17,False,True
beta,1,3,23,0.43247586488723755,-0.00016889782273210585,8,0.0027984953485429287,5,17,False,False
beta,1,3,24,0.43378007411956787,-0.0008083682041615248,11,-0.005537594202905893,14,17,False,True
beta,1,3,25,0.42612022161483765,0.0009420835413038731,9,-0.0050476850010454655,15,17,False,True
beta,1,3,26,0.411935031414032,-0.0005282325437292457,15,0.002697775373235345,5,17,True,False
beta,1,3,27,0.4460529685020447,-0.0022866642102599144,12,0.005499470513314009,3,17,False,False
beta,1,3,28,0.5243145823478699,-0.0004094350151717663,6,0.0030320973601192236,5,17,False,False
beta,1,3,29,0.414747029542923,-0.0026361942291259766,8,-0.006208847742527723,13,17,False,False
beta,1,3,30,0.404570609331131,-0.0016037466702982783,9,-0.0069582401774823666,9,17,False,False
beta,1,3,31,0.4666109085083008,0.00012247479753568769,10,0.00027090037474408746,7,17,False,False
beta,1,3,32,0.4960486888885498,-0.00041634240187704563,10,-0.0021383322309702635,11,17,False,False
beta,1,4,1,0.4093085825443268,-0.0001880418130895123,13,0.0025347168557345867,10,17,False,False
beta,1,4,2,0.4533781111240387,8.857746433932334e-05,6,0.008473137393593788,5,17,False,False
beta,1,4,3,0.42509958148002625,-0.0004911093856208026,12,0.00010646578448358923,10,17,False,False
beta,1,4,4,0.44665277004241943,0.0019191245082765818,10,0.004052507225424051,7,17,False,False
beta,1,4,5,0.4783073365688324,-0.00042230740655213594,9,0.006631749216467142,3,17,False,False
beta,1,4,6,0.39905285835266113,-0.0005450774915516376,9,-0.009204033762216568,13,17,False,False
beta,1,4,7,0.4318729043006897,-0.0011835895711556077,13,0.008566755801439285,5,17,False,False
beta,1,4,8,0.529809296131134,-0.0005070112529210746,6,-0.004288002848625183,10,17,False,False
beta,1,4,9,0.43896690011024475,0.000371707312297076,8,0.0024961940944194794,8,17,False,False
beta,1,4,10,0.5058989524841309,0.001991591416299343,9,-0.008080162107944489,12,17,False,False
beta,1,4,11,0.3632418215274811,-0.0034445766359567642,13,-0.008555314503610134,14,17,False,True
beta,1,4,12,0.5981153845787048,0.0021558033768087626,11,0.007967229932546616,5,17,False,False
beta,1,4,13,0.4410932660102844,0.00020282153855077922,9,0.00415174150839448,4,17,False,False
beta,1,4,14,0.5096783638000488,-0.0010270995553582907,6,-0.003182840533554554,11,17,False,False
beta,1,4,15,0.4622849225997925,0.0008959041442722082,10,-0.011015232652425766,15,17,False,True
beta,1,4,16,0.4230489432811737,-0.0014992761425673962,14,0.0025015894789248705,4,17,True,False
beta,1,4,17,0.49783796072006226,-0.0002039520477410406,9,-0.005886244121938944,13,17,False,False
beta,1,4,18,0.39570358395576477,0.00028256408404558897,11,-0.004664953798055649,13,17,False,False
beta,1,4,19,0.3760014772415161,-0.0025203342083841562,13,-0.0027477117255330086,10,17,False,False
beta,1,4,20,0.43929004669189453,-0.0015929971123114228,13,0.004757315386086702,6,17,False,False
beta,1,4,21,0.39906129240989685,-0.001778323668986559,11,-0.0018283948302268982,9,17,False,False
beta,1,4,22,0.5195784568786621,0.0013234928483143449,12,-0.012495165690779686,10,17,False,False
beta,1,4,23,0.4638403058052063,4.118816650588997e-05,7,0.005864695180207491,6,17,False,False
beta,1,4,24,0.47050896286964417,0.00030908285407349467,9,0.007507194299250841,4,17,False,False
beta,1,4,25,0.41370341181755066,-0.0014196679694578052,11,0.011766647920012474,1,17,False,False
beta,1,4,26,0.4630796015262604,-0.0017081460682675242,5,-0.007080896757543087,11,17,False,False
beta,1,4,27,0.46136248111724854,-0.0008113656658679247,7,-0.015081286430358887,14,17,False,True
beta,1,4,28,0.4290635585784912,-0.00029277533758431673,12,0.0023876791819930077,7,17,False,False
beta,1,4,29,0.4748144745826721,0.00027452607173472643,7,-0.010298294946551323,13,17,False,False
beta,1,4,30,0.4349570870399475,-0.001393931801430881,12,-0.004425562918186188,12,17,False,False
beta,1,4,31,0.384024053812027,-0.00016299686103593558,11,-0.003212953917682171,11,17,False,False
beta,1,4,32,0.442054808139801,0.00031239917734637856,5,0.004425575491040945,5,17,False,False
beta,2,1,1,0.39959612488746643,0.008438116870820522,16,-0.007031142245978117,6,17,True,False
beta,2,1,2,0.4403800666332245,-0.0030669402331113815,10,-0.009143215604126453,12,17,False,False
beta,2,1,3,0.5084772109985352,-0.00020331113773863763,8,-0.04816966503858566,15,17,False,True
beta,2,1,4,0.468829870223999,0.010034237056970596,9,0.0031631472520530224,6,17,False,False
beta,2,1,5,0.4722399413585663,0.007023605052381754,13,-0.048446428030729294,17,17,False,True
beta,2,1,6,0.4256434142589569,-0.0007823249907232821,4,-0.09811093658208847,17,17,False,True
beta,2,1,7,0.3389335572719574,0.0014508244348689914,7,0.014333145692944527,5,17,False,False
beta,2,1,8,0.2980259358882904,0.0009023295133374631,11,0.009888405911624432,6,17,False,False
beta,2,1,9,0.5286534428596497,0.0017812245059758425,8,-0.042115870863199234,14,17,False,True
beta,2,1,10,0.3104364275932312,-0.004529514815658331,11,0.05702204257249832,3,17,False,False
beta,2,1,11,0.32190242409706116,0.001216075150296092,13,0.031016837805509567,3,17,False,False
beta,2,1,12,0.4504779577255249,0.0026953325141221285,6,0.04251128062605858,2,17,False,False
beta,2,1,13,0.3483913242816925,0.0043701413087546825,6,0.0647311881184578,2,17,False,False
beta,2,1,14,0.3879985809326172,-0.003046395257115364,9,-0.015216918662190437,11,17,False,False
beta,2,1,15,0.393539696931839,-0.008136581629514694,10,0.03171381726861,2,17,False,False
beta,2,1,16,0.41346287727355957,-0.0036901256535202265,9,-0.005772365722805262,8,17,False,False
beta,2,1,17,0.3150312900543213,-0.002591607626527548,13,0.012066654860973358,7,17,False,False
beta,2,1,18,0.2912827432155609,0.0031592820305377245,11,0.014341047964990139,6,17,False,False
beta,2,1,19,0.36592888832092285,0.0025517179165035486,5,0.026228470727801323,2,17,False,False
beta,2,1,20,0.2963393032550812,-0.00344430236145854,16,0.06468075513839722,1,17,True,False
beta,2,1,21,0.36111241579055786,-0.00028990168357267976,8,0.05148252472281456,1,17,False,False
beta,2,1,22,0.29072922468185425,-0.010212755762040615,14,0.0013596887001767755,7,17,True,False
beta,2,1,23,0.3057290017604828,0.0005214994889684021,15,0.022491004317998886,5,17,True,False
beta,2,1,24,0.3127685785293579,0.0006191069260239601,9,0.048791222274303436,3,17,False,False
beta,2,1,25,0.38304898142814636,0.0003809086629189551,6,-0.0482119545340538,17,17,False,True
beta,2,1,26,0.41048464179039,-0.002265913411974907,11,0.03771522641181946,3,17,False,False
beta,2,1,27,0.3897341191768646,-0.002128127496689558,4,-0.009078621864318848,10,17,False,False
beta,2,1,28,0.36052069067955017,-0.0038379838224500418,10,-0.013582808896899223,11,17,False,False
beta,2,1,29,0.6207094788551331,0.0034231464378535748,9,-0.04906769469380379,17,17,False,True
beta,2,1,30,0.257062166929245,-0.0028168957214802504,12,0.013757474720478058,4,17,False,False
beta,2,1,31,0.43474051356315613,-0.005211909767240286,12,-0.051118116825819016,15,17,False,True
beta,2,1,32,0.4759305417537689,-0.0012673308374360204,7,-0.09346592426300049,17,17,False,True
beta,2,2,1,0.36183783411979675,-0.0013782987371087074,7,0.0008510518819093704,8,17,False,False
beta,2,2,2,0.40476661920547485,-0.001914361142553389,13,0.004776656627655029,5,17,False,False
beta,2,2,3,0.4404483735561371,-0.004150688648223877,6,-0.06254946440458298,16,17,False,True
beta,2,2,4,0.4581238329410553,-0.005310116335749626,7,-0.08333449065685272,14,17,False,True
beta,2,2,5,0.4226282835006714,0.004634900018572807,8,0.005024148151278496,9,17,False,False
beta,2,2,6,0.5165927410125732,-0.0028917903546243906,10,-0.018382135778665543,12,17,False,False
beta,2,2,7,0.41631487011909485,0.0014776973985135555,10,-0.051811546087265015,17,17,False,True
beta,2,2,8,0.43663832545280457,-0.004597584716975689,5,-0.010996748693287373,15,17,False,True
beta,2,2,9,0.35763880610466003,-0.009234687313437462,10,-0.03691241890192032,15,17,False,True
beta,2,2,10,0.38361629843711853,-0.0013742884621024132,8,-0.01076436322182417,10,17,False,False
beta,2,2,11,0.5379486083984375,-0.010280409827828407,7,0.008534210734069347,9,17,False,False
beta,2,2,12,0.4420280456542969,-0.005426811520010233,7,0.0027814435306936502,7,17,False,False
beta,2,2,13,0.3832085132598877,0.007382027339190245,12,-0.03471841663122177,12,17,False,False
beta,2,2,14,0.547207772731781,-0.005410054698586464,7,-0.04563053697347641,15,17,False,True
beta,2,2,15,0.45187437534332275,0.004264845512807369,13,-0.036995820701122284,15,17,False,True
beta,2,2,16,0.45328450202941895,-0.00020837399642914534,4,-0.023351503536105156,12,17,False,False
beta,2,2,17,0.4573412239551544,0.005828978959470987,13,-0.013834157027304173,10,17,False,False
beta,2,2,18,0.42048588395118713,0.0035181385464966297,10,-0.00453302962705493,10,17,False,False
beta,2,2,19,0.5059807896614075,0.002664827508851886,10,0.0038660147693008184,8,17,False,False
beta,2,2,20,0.3887802064418793,-0.0018154046265408397,9,-0.023778347298502922,11,17,False,False
beta,2,2,21,0.5096752047538757,0.0076169949024915695,12,-0.08138489723205566,17,17,False,True
beta,2,2,22,0.3498223125934601,-0.01013393048197031,10,-0.031206639483571053,14,17,False,True
beta,2,2,23,0.39763760566711426,-0.0006529932143166661,10,-0.013021523132920265,7,17,False,False
beta,2,2,24,0.47168803215026855,0.004963588900864124,12,-0.02576790191233158,11,17,False,False
beta,2,2,25,0.3897044062614441,-0.0028455210849642754,12,-0.005349025595933199,8,17,False,False
beta,2,2,26,0.45689907670021057,0.00047193976934067905,5,0.03032790869474411,3,17,False,False
beta,2,2,27,0.3571188449859619,-0.0009106167708523571,8,-0.009931948035955429,9,17,False,False
beta,2,2,28,0.3511638045310974,0.0004692867514677346,12,0.022619441151618958,2,17,False,False
beta,2,2,29,0.43029454350471497,-0.0037261079996824265,10,-0.055361825972795486,16,17,False,True
beta,2,2,30,0.46385467052459717,-0.016664808616042137,15,-0.02939493954181671,13,17,True,False
beta,2,2,31,0.4830980896949768,-0.014814416877925396,13,0.04310595989227295,2,17,False,False
beta,2,2,32,0.42726030945777893,0.0020570976193994284,11,-0.013546956703066826,11,17,False,False
beta,2,3,1,0.4973907470703125,-0.0009032182861119509,13,0.024851813912391663,3,17,False,False
beta,2,3,2,0.481557160615921,-0.000994059257209301,10,0.020251097157597542,4,17,False,False
beta,2,3,3,0.4943581819534302,-0.004554639104753733,10,-0.052029889076948166,17,17,False,True
beta,2,3,4,0.3726412057876587,-0.00031022148323245347,10,0.021386558189988136,6,17,False,False
beta,2,3,5,0.47750675678253174,-0.005374375730752945,10,-0.017435071989893913,13,17,False,False
beta,2,3,6,0.4754626750946045,-0.0005445860442705452,8,-0.014632693491876125,14,17,False,True
beta,2,3,7,0.41146817803382874,0.007036133669316769,12,-0.06623344868421555,16,17,False,True
beta,2,3,8,0.4393885135650635,-0.0029603950679302216,9,-0.002882838249206543,7,17,False,False
beta,2,3,9,0.4822719097137451,-0.0026680000592023134,8,-0.052356988191604614,17,17,False,True
beta,2,3,10,0.5018129944801331,-0.0023931676987558603,8,-0.05528225377202034,17,17,False,True
beta,2,3,11,0.45412904024124146,0.0013970518484711647,8,-0.053419195115566254,16,17,False,True
beta,2,3,12,0.4548910856246948,-0.0029101299587637186,10,-0.0008770196582190692,9,17,False,False
beta,2,3,13,0.4115754961967468,-0.0029614341910928488,11,-0.006771482992917299,10,17,False,False
beta,2,3,14,0.3618513345718384,-0.006734217517077923,12,0.04370696470141411,4,17,False,False
beta,2,3,15,0.3867550492286682,-0.00032149223261512816,11,-0.036677371710538864,14,17,False,True
beta,2,3,16,0.3492000997066498,0.00346365082077682,9,-0.012469335459172726,11,17,False,False
beta,2,3,17,0.35599222779273987,0.0014609354548156261,5,0.04174261540174484,1,17,False,False
beta,2,3,18,0.2736838459968567,0.001026225509122014,7,0.07781773805618286,1,17,False,False
beta,2,3,19,0.4237552285194397,-0.005031127016991377,9,0.012778570875525475,5,17,False,False
beta,2,3,20,0.4709525406360626,-0.0030860609840601683,13,-0.009937903843820095,12,17,False,False
beta,2,3,21,0.35161614418029785,-0.007661313749849796,12,0.01040357444435358,6,17,False,False
beta,2,3,22,0.32495003938674927,0.0033727437257766724,7,0.055440761148929596,3,17,False,False
beta,2,3,23,0.4138942062854767,0.0015265168622136116,9,0.006293535232543945,8,17,False,False
beta,2,3,24,0.402969092130661,0.00044708471978083253,9,0.02429751306772232,2,17,False,False
beta,2,3,25,0.3831145167350769,0.002165636047720909,2,0.06748510897159576,2,17,False,False
beta,2,3,26,0.4170936346054077,-0.0050352769903838634,8,-0.05157914757728577,16,17,False,True
beta,2,3,27,0.4274630546569824,0.0033171495888382196,11,-0.04756178706884384,17,17,False,True
beta,2,3,28,0.34586068987846375,-0.003063944401219487,12,0.00046080152969807386,5,17,False,False
beta,2,3,29,0.39336392283439636,0.002853456186130643,9,0.0038395733572542667,6,17,False,False
beta,2,3,30,0.3889738917350769,-0.0012778703821823,6,0.01277832593768835,6,17,False,False
beta,2,3,31,0.38003429770469666,0.0010578485671430826,9,-0.004616087302565575,11,17,False,False
beta,2,3,32,0.3985311686992645,-0.0029765130020678043,9,-0.05014277994632721,16,17,False,True
beta,2,4,1,0.47566482424736023,0.004070645663887262,11,-0.05206461623311043,16,17,False,True
beta,2,4,2,0.3884738087654114,-0.0013489865232259035,10,0.03832027316093445,2,17,False,False
beta,2,4,3,0.4454777240753174,0.0011083846911787987,7,0.02583121694624424,5,17,False,False
beta,2,4,4,0.5074038505554199,0.008642412722110748,12,-0.03144141659140587,14,17,False,True
beta,2,4,5,0.5405482649803162,-0.00573008181527257,11,0.01854821853339672,6,17,False,False
beta,2,4,6,0.4899413287639618,0.0034943229984492064,9,0.012834886088967323,4,17,False,False
beta,2,4,7,0.5695575475692749,0.001973099773749709,9,-0.045243535190820694,15,17,False,True
beta,2,4,8,0.4004112482070923,-0.00798587966710329,14,-0.03470765799283981,14,17,True,True
beta,2,4,9,0.5315072536468506,-0.0007539123762398958,9,-0.05365731194615364,17,17,False,True
beta,2,4,10,0.4106147587299347,0.0009728154982440174,13,-0.03807327151298523,13,17,False,False
beta,2,4,11,0.501291811466217,0.002904559951275587,11,-0.017204713076353073,13,17,False,False
beta,2,4,12,0.40611210465431213,-0.00016738787235226482,13,0.02100931853055954,7,17,False,False
beta,2,4,13,0.2827221155166626,-0.008460210636258125,7,-0.025090431794524193,13,17,False,False
beta,2,4,14,0.41461730003356934,-0.0008547372999601066,10,-0.004562675952911377,9,17,False,False
beta,2,4,15,0.2938065826892853,-0.0007413220591843128,10,0.019681375473737717,2,17,False,False
beta,2,4,16,0.4876456558704376,0.0015694027533754706,7,-0.06073051318526268,17,17,False,True
beta,2,4,17,0.531299889087677,-0.0009160090121440589,11,0.008413874544203281,7,17,False,False
beta,2,4,18,0.3314085304737091,0.0017880097730085254,12,0.014130376279354095,3,17,False,False
beta,2,4,19,0.34909576177597046,0.013683726079761982,15,0.05110923945903778,2,17,True,False
beta,2,4,20,0.5322222709655762,-0.005878106690943241,10,-0.028566911816596985,17,17,False,True
beta,2,4,21,0.4245430529117584,-0.005137599539011717,9,-0.05137581005692482,17,17,False,True
beta,2,4,22,0.41840317845344543,0.006514985579997301,9,-0.006201486103236675,8,17,False,False
beta,2,4,23,0.49626973271369934,0.0015144019853323698,10,0.017317216843366623,2,17,False,False
beta,2,4,24,0.3508107662200928,-0.0039395554922521114,12,0.015222772024571896,6,17,False,False
beta,2,4,25,0.5216144323348999,0.010853743180632591,11,-0.009509931318461895,7,17,False,False
beta,2,4,26,0.5178195238113403,0.0028778817504644394,5,0.027429886162281036,4,17,False,False
beta,2,4,27,0.5183128714561462,-0.004210369661450386,12,-0.01188503298908472,8,17,False,False
beta,2,4,28,0.42715656757354736,-0.0017870540032163262,14,0.03816527500748634,6,17,True,False
beta,2,4,29,0.36400818824768066,-0.0005065588629804552,7,-0.030107513070106506,12,17,False,False
beta,2,4,30,0.3678182363510132,0.002184299286454916,7,-0.011934258975088596,13,17,False,False
beta,2,4,31,0.4633016288280487,-0.004096705000847578,11,-0.001947613782249391,9,17,False,False
beta,2,4,32,0.4031059741973877,-0.0022347180638462305,10,0.01865467056632042,7,17,False,False
beta,3,1,1,0.34779438376426697,0.0005027788574807346,6,0.04970322549343109,5,17,False,False
beta,3,1,2,0.3582521378993988,0.0057539199478924274,11,-0.0013239576946943998,10,17,False,False
beta,3,1,3,0.32796710729599,-0.0004274173406884074,9,0.08221928030252457,0,17,False,False
beta,3,1,4,0.3308851718902588,0.005826029926538467,7,0.07796528190374374,2,17,False,False
beta,3,1,5,0.42080849409103394,-0.0057248142547905445,11,-0.03209909424185753,12,17,False,False
beta,3,1,6,0.509816586971283,-0.0002621029852889478,5,-0.07954836636781693,15,17,False,True
beta,3,1,7,0.2982642650604248,0.008415521122515202,11,0.048840418457984924,3,17,False,False
beta,3,1,8,0.39385005831718445,-0.003015724942088127,9,-0.09814717620611191,16,17,False,True
beta,3,1,9,0.36326730251312256,-0.00263870763592422,10,0.020346306264400482,8,17,False,False
beta,3,1,10,0.2711159586906433,-0.0008813878521323204,7,0.023309573531150818,5,17,False,False
beta,3,1,11,0.3857889771461487,-0.004547420889139175,11,0.03821218013763428,1,17,False,False
beta,3,1,12,0.2679555416107178,-0.0018014395609498024,9,0.11885599792003632,2,17,False,False
beta,3,1,13,0.2958701252937317,-0.002213382627815008,10,0.09459686279296875,2,17,False,False
beta,3,1,14,0.3902454376220703,0.0013523166999220848,7,0.05195644870400429,3,17,False,False
beta,3,1,15,0.37615966796875,-0.0027359742671251297,12,0.006925305817276239,8,17,False,False
beta,3,1,16,0.3886450529098511,-0.005956433247774839,11,-0.0017795349704101682,9,17,False,False
beta,3,1,17,0.39356058835983276,-0.01312593836337328,15,0.050434086471796036,2,17,True,False
beta,3,1,18,0.46099719405174255,-0.015630876645445824,14,0.004181412979960442,7,17,True,False
beta,3,1,19,0.3927021622657776,-0.012572292238473892,12,-0.011394625529646873,8,17,False,False
beta,3,1,20,0.2754858434200287,-0.004830004647374153,11,0.06601796299219131,3,17,False,False
beta,3,1,21,0.4068632125854492,-0.014874826185405254,10,-0.04553799331188202,14,17,False,True
beta,3,1,22,0.46667900681495667,-0.00713019585236907,8,-0.019414404407143593,12,17,False,False
beta,3,1,23,0.41512227058410645,-8.446317951893434e-05,9,0.07694004476070404,0,17,False,False
beta,3,1,24,0.30167356133461,0.005757941398769617,11,0.06680543720722198,0,17,False,False
beta,3,1,25,0.39052844047546387,0.006321648135781288,11,0.07608896493911743,3,17,False,False
beta,3,1,26,0.4602721631526947,-0.0008232765248976648,6,-0.08892896771430969,16,17,False,True
beta,3,1,27,0.39985617995262146,-0.007813988253474236,14,-0.036963075399398804,16,17,True,True
beta,3,1,28,0.29287099838256836,-0.002563158283010125,12,0.0257684588432312,6,17,False,False
beta,3,1,29,0.276696115732193,-0.000994658563286066,8,-0.017284777015447617,8,17,False,False
beta,3,1,30,0.35382625460624695,-0.0036810983438044786,6,-0.06069190427660942,17,17,False,True
beta,3,1,31,0.48292306065559387,-0.004138078540563583,11,-0.0007229149341583252,10,17,False,False
beta,3,1,32,0.5635976195335388,-0.011777869425714016,14,-0.11562901735305786,17,17,True,True
beta,3,2,1,0.4494432210922241,0.005024436861276627,12,0.028841553255915642,6,17,False,False
beta,3,2,2,0.2811211943626404,0.005334793124347925,5,0.145152285695076,0,17,False,False
beta,3,2,3,0.19293998181819916,0.008427746593952179,10,0.12763944268226624,0,17,False,False
beta,3,2,4,0.24755772948265076,0.002710578963160515,7,0.16298839449882507,0,17,False,False
beta,3,2,5,0.15773996710777283,0.0029359422624111176,9,0.10678160190582275,0,17,False,False
beta,3,2,6,0.4238331913948059,0.008019022643566132,10,-0.010716114193201065,12,17,False,False
beta,3,2,7,0.17814375460147858,0.006307397969067097,12,0.08977413177490234,2,17,False,False
beta,3,2,8,0.2978689670562744,0.0016434905119240284,8,0.038378529250621796,4,17,False,False
beta,3,2,9,0.8073893189430237,-0.0035523276310414076,2,-0.2510656416416168,17,17,False,True
beta,3,2,10,0.6609581708908081,-0.00994041282683611,12,-0.21453095972537994,17,17,False,True
beta,3,2,11,0.29403048753738403,0.004217126406729221,10,0.10419941693544388,0,17,False,False
beta,3,2,12,0.370592325925827,0.0031127638649195433,12,0.0725914016366005,2,17,False,False
beta,3,2,13,0.3246065676212311,0.0010075150057673454,7,0.08670622110366821,0,17,False,False
beta,3,2,14,0.22829516232013702,0.006972063332796097,6,0.18143422901630402,0,17,False,False
beta,3,2,15,0.3511309027671814,-0.003431262681260705,11,-0.021076461300253868,10,17,False,False
beta,3,2,16,0.2832755148410797,0.007386577315628529,13,0.14083242416381836,0,17,False,False
beta,3,2,17,0.3019275367259979,0.013557822443544865,14,0.036777008324861526,5,17,True,False
beta,3,2,18,0.2834952175617218,0.0025951433926820755,13,0.08636689931154251,0,17,False,False
beta,3,2,19,0.45578640699386597,0.002463222946971655,8,0.01668807491660118,6,17,False,False
beta,3,2,20,0.2511041760444641,0.001299015013501048,6,0.1730949431657791,0,17,False,False
beta,3,2,21,0.21869784593582153,0.005489828065037727,11,0.11179837584495544,1,17,False,False
beta,3,2,22,0.7804786562919617,0.002242472255602479,11,-0.29086998105049133,17,17,False,True
beta,3,2,23,0.4048130512237549,-0.012694778852164745,11,0.019648900255560875,7,17,False,False
beta,3,2,24,0.18707281351089478,0.0023704380728304386,10,0.05375082045793533,2,17,False,False
beta,3,2,25,0.35103464126586914,-0.004774775356054306,12,0.008114723488688469,8,17,False,False
beta,3,2,26,0.1433185636997223,0.0025247337762266397,5,0.1077537015080452,0,17,False,False
beta,3,2,27,0.07515201717615128,-0.0050990162417292595,14,0.08171658217906952,0,17,True,False
beta,3,2,28,0.2587130069732666,0.005613487213850021,10,0.10939999669790268,0,17,False,False
beta,3,2,29,0.4611872434616089,0.0017208404606208205,4,0.019706593826413155,7,17,False,False
beta,3,2,30,0.36690980195999146,-0.002933186711743474,8,-0.014856012538075447,8,17,False,False
beta,3,2,31,0.18143752217292786,0.009106731042265892,11,0.07752130180597305,0,17,False,False
beta,3,2,32,0.1981632560491562,0.003424623515456915,10,0.0277879536151886,3,17,False,False
beta,3,3,1,0.28054139018058777,0.0031283108983188868,6,0.08328676223754883,3,17,False,False
beta,3,3,2,0.4213273823261261,-0.011983208358287811,11,0.04960060492157936,5,17,False,False
beta,3,3,3,0.37258508801460266,-0.007858695462346077,12,0.026635607704520226,3,17,False,False
beta,3,3,4,0.3031288981437683,-0.007023945450782776,14,0.1071045994758606,0,17,True,False
beta,3,3,5,0.4441642463207245,-0.015826081857085228,13,0.05220416560769081,5,17,False,False
beta,3,3,6,0.04963165149092674,0.0005813111201860011,8,0.056608740240335464,0,17,False,False
beta,3,3,7,0.3768795430660248,0.010918593034148216,11,-0.027913542464375496,15,17,False,True
beta,3,3,8,0.2632889747619629,-0.006717548705637455,11,0.09225563704967499,3,17,False,False
beta,3,3,9,0.5372898578643799,-0.0054641407914459705,9,0.008119221776723862,8,17,False,False
beta,3,3,10,0.6168937683105469,-0.016685428097844124,15,-0.05228852480649948,14,17,True,True
beta,3,3,11,0.3565840423107147,-0.011251933872699738,13,0.05961184576153755,3,17,False,False
beta,3,3,12,0.281123548746109,0.004048507660627365,12,0.030932629480957985,5,17,False,False
beta,3,3,13,0.5229172706604004,-0.0018737309146672487,7,-0.06766042113304138,16,17,False,True
beta,3,3,14,0.3633219301700592,0.0024459257256239653,9,0.04273960366845131,3,17,False,False
beta,3,3,15,0.419154554605484,-0.013456226326525211,14,-0.01971663534641266,9,17,True,False
beta,3,3,16,0.10656466335058212,0.0014141759602352977,8,0.12632520496845245,0,17,False,False
beta,3,3,17,0.2604629695415497,-0.0011003984836861491,6,-0.005512528587132692,8,17,False,False
beta,3,3,18,0.39890822768211365,-0.0013979398645460606,7,0.07522114366292953,0,17,False,False
beta,3,3,19,0.1766091138124466,-0.0039352551102638245,10,0.08126414567232132,0,17,False,False
beta,3,3,20,0.4547780752182007,-0.016724595800042152,16,-0.01844853162765503,11,17,True,False
beta,3,3,21,0.35065048933029175,-0.011196921579539776,11,-0.03289895877242088,12,17,False,False
beta,3,3,22,0.44800782203674316,-0.005877329036593437,14,0.029433682560920715,2,17,True,False
beta,3,3,23,0.5308473110198975,-0.005662346724420786,9,-0.11474689841270447,16,17,False,True
beta,3,3,24,0.2898498475551605,-0.01383962482213974,14,0.08197801560163498,3,17,True,False
beta,3,3,25,0.4204494059085846,-0.016462547704577446,17,0.025056004524230957,5,17,True,False
beta,3,3,26,0.5260491371154785,-0.010522149503231049,13,-0.028511855751276016,14,17,False,True
beta,3,3,27,0.2663739323616028,-0.004346202593296766,13,0.12299853563308716,0,17,False,False
beta,3,3,28,0.23040170967578888,0.004615563899278641,14,0.03314255177974701,4,17,True,False
beta,3,3,29,0.14648063480854034,-0.0030269394628703594,12,0.1258821040391922,0,17,False,False
beta,3,3,30,0.21047179400920868,-0.005976969376206398,12,0.09004314243793488,1,17,False,False
beta,3,3,31,0.34733954071998596,-0.013518021441996098,13,-0.0046114870347082615,8,17,False,False
beta,3,3,32,0.4026659429073334,-0.006430509500205517,12,0.024148976430296898,6,17,False,False
beta,3,4,1,0.4539701044559479,-0.007838353514671326,7,-0.13813304901123047,17,17,False,True
beta,3,4,2,0.4695679843425751,-0.00784419197589159,13,0.07155543565750122,2,17,False,False
beta,3,4,3,0.5365148186683655,-0.00018211705901194364,9,-0.09007278084754944,17,17,False,True
beta,3,4,4,0.4522162973880768,-0.003243639599531889,6,-0.013491916470229626,8,17,False,False
beta,3,4,5,0.47643229365348816,-0.003550907364115119,11,-0.08884640783071518,16,17,False,True
beta,3,4,6,0.5872957110404968,-0.012619318440556526,10,-0.14420004189014435,17,17,False,True
beta,3,4,7,0.5474029779434204,-0.025168035179376602,13,-0.17910993099212646,17,17,False,True
beta,3,4,8,0.5032968521118164,-0.00011756727326428518,8,-0.0945889875292778,17,17,False,True
beta,3,4,9,0.4212794899940491,-0.001500399666838348,6,-0.040099821984767914,13,17,False,False
beta,3,4,10,0.17712737619876862,-0.0042017861269414425,7,0.07536117732524872,0,17,False,False
beta,3,4,11,0.513156533241272,0.0051174284890294075,9,-0.009786187671124935,13,17,False,False
beta,3,4,12,0.6098982095718384,0.006046859547495842,10,-0.1120663434267044,16,17,False,True
beta,3,4,13,0.32235753536224365,-0.007004756014794111,13,-0.04222480207681656,12,17,False,False
beta,3,4,14,0.5328343510627747,0.007386382203549147,12,-0.03659030795097351,15,17,False,True
beta,3,4,15,0.1342242956161499,0.001359449583105743,11,0.09437987208366394,0,17,False,False
beta,3,4,16,0.48242563009262085,-0.0018244973616674542,6,-0.03412097319960594,11,17,False,False
beta,3,4,17,0.5822429060935974,-0.0036750563886016607,11,-0.11501401662826538,16,17,False,True
beta,3,4,18,0.4877279996871948,-0.007059764117002487,12,-0.0994207113981247,16,17,False,True
beta,3,4,19,0.26794493198394775,-0.0029192918445914984,11,0.1445716917514801,0,17,False,False
beta,3,4,20,0.45220014452934265,-0.011420207098126411,12,-0.10423063486814499,16,17,False,True
beta,3,4,21,0.5955343842506409,-0.0030404238495975733,11,-0.04507552459836006,16,17,False,True
beta,3,4,22,0.28139743208885193,0.005346185527741909,10,0.17313632369041443,0,17,False,False
beta,3,4,23,0.5888049006462097,-0.010201818309724331,9,-0.07227063924074173,12,17,False,False
beta,3,4,24,0.3729402720928192,-0.00693867402151227,10,-0.08770141005516052,17,17,False,True
beta,3,4,25,0.5816070437431335,-0.0020410362631082535,7,0.029836265370249748,6,17,False,False
beta,3,4,26,0.50047767162323,0.0055926586501300335,10,0.007473593112081289,7,17,False,False
beta,3,4,27,0.5229376554489136,0.005611708387732506,11,-0.05356437712907791,14,17,False,True
beta,3,4,28,0.5345222353935242,0.003492266172543168,5,0.04229147359728813,4,17,False,False
beta,3,4,29,0.6048356294631958,0.01273428089916706,13,-0.07140129059553146,17,17,False,True
beta,3,4,30,0.4116446375846863,0.00461069168522954,11,-0.04996965080499649,15,17,False,True
beta,3,4,31,0.38044872879981995,0.0006904094479978085,7,-0.08036929368972778,17,17,False,True
beta,3,4,32,0.5605428218841553,-0.0027543946634978056,13,-0.01869482733309269,9,17,False,False
beta,4,1,1,0.23770707845687866,-0.030345745384693146,17,-0.030673615634441376,12,17,True,False
beta,4,1,2,0.32948818802833557,-0.013536703772842884,12,-0.054438620805740356,12,17,False,False
beta,4,1,3,0.4398847818374634,-0.058399610221385956,12,-0.014461706392467022,9,17,False,False
beta,4,1,4,0.3694361448287964,0.03682755306363106,10,-0.13680806756019592,17,17,False,True
beta,4,1,5,0.48044344782829285,0.004955122712999582,6,-0.07140779495239258,14,17,False,True
beta,4,1,6,0.29811304807662964,-0.07100997120141983,16,0.05937894061207771,4,17,True,False
beta,4,1,7,0.5325407981872559,-0.005055868532508612,8,-0.024644896388053894,10,17,False,False
beta,4,1,8,0.17862345278263092,-0.036020539700984955,12,0.1246882751584053,0,17,False,False
beta,4,1,9,0.3305523693561554,0.060396164655685425,12,-0.13551002740859985,17,17,False,True
beta,4,1,10,0.3632242679595947,-0.07728120684623718,12,0.1743135154247284,0,17,False,False
beta,4,1,11,0.23733672499656677,-0.059175778180360794,15,-0.047175437211990356,13,17,True,False
beta,4,1,12,0.14367632567882538,-0.009392107836902142,14,0.04039768874645233,4,17,True,False
beta,4,1,13,0.25999829173088074,0.05102526769042015,12,-0.0642872229218483,13,17,False,False
beta,4,1,14,0.33884790539741516,-0.0475909486413002,15,0.005155150778591633,7,17,True,False
beta,4,1,15,0.42695385217666626,-0.03982064500451088,16,-0.02094963751733303,9,17,True,False
beta,4,1,16,0.18125586211681366,-0.05341889709234238,14,0.061174217611551285,4,17,True,False
beta,4,1,17,0.486465185880661,-0.01026663277298212,11,0.03217894211411476,4,17,False,False
beta,4,1,18,0.24596822261810303,0.023991601541638374,10,0.03572681546211243,6,17,False,False
beta,4,1,19,0.21027831733226776,-0.05811050534248352,14,0.030038844794034958,9,17,True,False
beta,4,1,20,0.11129314452409744,-0.022271569818258286,13,0.055709175765514374,4,17,False,False
beta,4,1,21,0.35339418053627014,0.0013977279886603355,7,-0.01817133091390133,13,17,False,False
beta,4,1,22,0.30025333166122437,0.013266353867948055,9,-0.0013610698515549302,6,17,False,False
beta,4,1,23,0.2762901484966278,-0.04619057476520538,16,0.06549352407455444,3,17,True,False
beta,4,1,24,0.4267843961715698,-0.0036766205448657274,8,-0.004153138492256403,9,17,False,False
beta,4,1,25,0.5621371269226074,-0.040259093046188354,14,-0.06204370781779289,12,17,True,False
beta,4,1,26,0.3618702292442322,-0.0037159761413931847,4,-0.08909856528043747,15,17,False,True
beta,4,1,27,0.2910742461681366,0.012246612459421158,11,-0.017028171569108963,9,17,False,False
beta,4,1,28,0.4004881680011749,0.03217461705207825,8,-0.008530900813639164,9,17,False,False
beta,4,1,29,0.3183239698410034,0.05456259474158287,13,-0.0955950915813446,15,17,False,True
beta,4,1,30,0.3112565875053406,-0.029971525073051453,14,0.05180438235402107,4,17,True,False
beta,4,1,31,0.4253937602043152,-0.01413456629961729,13,-0.05264623835682869,16,17,False,True
beta,4,1,32,0.7162232398986816,0.024631317704916,10,-0.10237985849380493,17,17,False,True
beta,4,2,1,0.3291473090648651,-0.04009215533733368,12,0.07893576472997665,0,17,False,False
beta,4,2,2,0.2855550944805145,-0.04730334132909775,12,0.11303095519542694,3,17,False,False
beta,4,2,3,0.13110506534576416,-0.025085866451263428,12,0.09404008835554123,0,17,False,False
beta,4,2,4,0.2371387481689453,-0.0728338360786438,15,-0.017328310757875443,9,17,True,False
beta,4,2,5,0.2642570734024048,-0.006930062547326088,12,0.03544855862855911,6,17,False,False
beta,4,2,6,0.4648948013782501,0.019850367680191994,15,0.0029361809138208628,9,17,True,False
beta,4,2,7,0.4642925262451172,-0.02882780320942402,12,0.015035275369882584,6,17,False,False
beta,4,2,8,0.4972270429134369,0.030107712373137474,13,-0.04062005504965782,10,17,False,False
beta,4,2,9,0.274802029132843,-0.07845216989517212,14,-0.052879415452480316,16,17,True,True
beta,4,2,10,0.26860976219177246,0.001979519845917821,11,0.020765140652656555,5,17,False,False
beta,4,2,11,0.46905747056007385,-0.006126318592578173,9,0.0559396855533123,3,17,False,False
beta,4,2,12,0.4052746295928955,-0.0006313977646641433,10,-0.07909334450960159,15,17,False,True
beta,4,2,13,0.3697691559791565,0.08261799067258835,13,-0.026969537138938904,7,17,False,False
beta,4,2,14,0.548211395740509,0.02267097309231758,10,-0.15302063524723053,16,17,False,True
beta,4,2,15,0.4485458433628082,-0.002411326626315713,9,-0.09650816768407822,15,17,False,True
beta,4,2,16,0.46574902534484863,0.07266029715538025,12,-0.17479746043682098,17,17,False,True
beta,4,2,17,0.3846709430217743,-0.06004292890429497,13,0.04626579210162163,6,17,False,False
beta,4,2,18,0.4430585503578186,0.025588732212781906,9,0.022593874484300613,8,17,False,False
beta,4,2,19,0.5346372127532959,0.0916702151298523,11,-0.27004557847976685,17,17,False,True
beta,4,2,20,0.44013822078704834,-0.021250806748867035,11,0.015771381556987762,9,17,False,False
beta,4,2,21,0.28722310066223145,-0.06431456655263901,16,0.043925244361162186,6,17,True,False
beta,4,2,22,0.4967039227485657,-0.05440203472971916,13,-0.12318887561559677,17,17,False,True
beta,4,2,23,0.3407147228717804,-0.036261897534132004,14,0.033970002084970474,6,17,True,False
beta,4,2,24,0.2980889081954956,0.06085548549890518,11,-0.007664934732019901,8,17,False,False
beta,4,2,25,0.2952248156070709,0.08325335383415222,12,-0.0334961973130703,9,17,False,False
beta,4,2,26,0.3460579812526703,0.012834676541388035,11,-0.0653548389673233,12,17,False,False
beta,4,2,27,0.4125397205352783,-0.015467220917344093,11,-0.08615262061357498,17,17,False,True
beta,4,2,28,0.3243858516216278,0.021586554124951363,11,0.07928438484668732,0,17,False,False
beta,4,2,29,0.29568254947662354,-0.06455100327730179,14,-0.04724273830652237,14,17,True,True
beta,4,2,30,0.30975890159606934,-0.06376200914382935,13,0.0060336533933877945,9,17,False,False
beta,4,2,31,0.3817921578884125,-0.02093321457505226,12,-0.02315695211291313,12,17,False,False
beta,4,2,32,0.23285068571567535,0.026509054005146027,7,-0.007049565203487873,9,17,False,False
beta,4,3,1,0.48169922828674316,-0.042013343423604965,16,-0.019002564251422882,13,17,True,False
beta,4,3,2,0.5805160403251648,-0.0535723976790905,16,0.04388851672410965,6,17,True,False
beta,4,3,3,0.49794813990592957,-0.002728091087192297,10,-0.21691147983074188,17,17,False,True
beta,4,3,4,0.5557483434677124,-0.020398149266839027,13,-0.14894425868988037,17,17,False,True
beta,4,3,5,0.514153003692627,0.00023657359997741878,9,-0.028666533529758453,13,17,False,False
beta,4,3,6,0.09010770171880722,-0.01491300854831934,11,0.053410012274980545,6,17,False,False
beta,4,3,7,0.36859333515167236,0.006690888199955225,13,-0.07530886679887772,16,17,False,True
beta,4,3,8,0.5048344135284424,-0.02386220544576645,12,-0.07031150907278061,12,17,False,False
beta,4,3,9,0.6098604798316956,-0.026448970660567284,13,-0.10751044750213623,16,17,False,True
beta,4,3,10,0.5925036668777466,0.017296936362981796,9,0.08189844340085983,1,17,False,False
beta,4,3,11,0.3490522503852844,0.033005326986312866,11,0.03265902027487755,5,17,False,False
beta,4,3,12,0.2900303602218628,-0.02944507636129856,12,-0.013354609720408916,11,17,False,False
beta,4,3,13,0.440917432308197,-0.032734859734773636,14,-0.03680558130145073,14,17,True,True
beta,4,3,14,0.23999875783920288,-0.002850273624062538,8,-0.04404788464307785,12,17,False,False
beta,4,3,15,0.4334394931793213,-0.04892100393772125,14,0.0056078555062413216,8,17,True,False
beta,4,3,16,0.07428628951311111,-0.011124503798782825,15,0.06039653718471527,0,17,True,False
beta,4,3,17,0.42005738615989685,-0.021037617698311806,11,-0.10909140110015869,17,17,False,True
beta,4,3,18,0.19056090712547302,0.01751387119293213,15,0.02306130900979042,6,17,True,False
beta,4,3,19,0.3450924754142761,0.014834684319794178,9,-0.0391380675137043,12,17,False,False
beta,4,3,20,0.5512028336524963,-0.03512800484895706,11,-0.03302829712629318,9,17,False,False
beta,4,3,21,0.3850453794002533,0.04228125885128975,13,-0.09035144746303558,15,17,False,True
beta,4,3,22,0.3059195876121521,-7.596431532874703e-05,7,0.030955370515584946,2,17,False,False
beta,4,3,23,0.5028195381164551,-0.017593778669834137,14,0.0033713430166244507,7,17,True,False
beta,4,3,24,0.3139967620372772,0.014946036040782928,12,0.06950075924396515,4,17,False,False
beta,4,3,25,0.3215256631374359,0.009056194685399532,9,-0.008382231928408146,11,17,False,False
beta,4,3,26,0.503627359867096,-0.024300700053572655,12,0.043172869831323624,1,17,False,False
beta,4,3,27,0.4692566394805908,0.027788223698735237,13,-0.1573747992515564,16,17,False,True
beta,4,3,28,0.22691643238067627,0.006071710959076881,14,-0.05293402448296547,15,17,True,True
beta,4,3,29,0.24605810642242432,-0.011217116378247738,11,-0.09984704107046127,17,17,False,True
beta,4,3,30,0.16226695477962494,0.014907397329807281,15,0.012346100993454456,7,17,True,False
beta,4,3,31,0.3854784369468689,-0.013406258076429367,11,0.03485485911369324,6,17,False,False
beta,4,3,32,0.6142557859420776,-0.036405231803655624,13,-0.060683052986860275,13,17,False,False
beta,4,4,1,0.3148564100265503,3.160689811920747e-05,6,-0.06316167116165161,14,17,False,True
beta,4,4,2,0.3530251383781433,0.025113247334957123,12,-0.05330489203333855,13,17,False,False
beta,4,4,3,0.41625750064849854,-0.024950994178652763,11,0.013999972492456436,6,17,False,False
beta,4,4,4,0.349869966506958,-0.030633235350251198,14,0.004130262415856123,8,17,True,False
beta,4,4,5,0.4187319278717041,-0.004584104288369417,12,-0.04129910096526146,13,17,False,False
beta,4,4,6,0.4287107288837433,0.04424412548542023,16,-0.11470905691385269,16,17,True,True
beta,4,4,7,0.48397326469421387,-0.0299238171428442,16,0.05795757472515106,5,17,True,False
beta,4,4,8,0.3101246654987335,-0.04903194308280945,14,0.094858318567276,2,17,True,False
beta,4,4,9,0.36711546778678894,0.004111837595701218,8,0.005058763548731804,5,17,False,False
beta,4,4,10,0.228910893201828,0.019623201340436935,13,-0.0846695601940155,16,17,False,True
beta,4,4,11,0.39753851294517517,-0.04032687842845917,14,-0.0018957616994157434,10,17,True,False
beta,4,4,12,0.5154793858528137,0.02806246280670166,12,-0.14215099811553955,16,17,False,True
beta,4,4,13,0.18557536602020264,-0.016659725457429886,12,-0.04940059781074524,13,17,False,False
beta,4,4,14,0.5208375453948975,-0.029899466782808304,16,-0.05035990849137306,14,17,True,True
beta,4,4,15,0.13839198648929596,-0.0018505263142287731,11,-0.005708758253604174,11,17,False,False
beta,4,4,16,0.3144863247871399,-0.05454223230481148,14,0.05944191664457321,5,17,True,False
beta,4,4,17,0.46302297711372375,-0.010877750813961029,10,-0.12775100767612457,17,17,False,True
beta,4,4,18,0.30185171961784363,-0.010107035748660564,11,-0.05517088249325752,14,17,False,True
beta,4,4,19,0.3245875835418701,0.01050504669547081,10,-0.009463134221732616,11,17,False,False
beta,4,4,20,0.3584727942943573,-0.005928489845246077,12,-0.05667838826775551,13,17,False,False
beta,4,4,21,0.4721626937389374,-0.031028572469949722,14,-0.0404953770339489,12,17,True,False
beta,4,4,22,0.3814964294433594,-0.011751929298043251,11,0.038263577967882156,4,17,False,False
beta,4,4,23,0.6239117383956909,-0.0027970632072538137,9,0.003653767053037882,10,17,False,False
beta,4,4,24,0.38134530186653137,0.0005238649901002645,7,-0.07419784367084503,16,17,False,True
beta,4,4,25,0.4977063536643982,-0.025191161781549454,11,0.015544393099844456,7,17,False,False
beta,4,4,26,0.5101028680801392,-0.014179219491779804,13,0.05588331073522568,0,17,False,False
beta,4,4,27,0.43901100754737854,-0.0279742069542408,11,-0.06587721407413483,14,17,False,True
beta,4,4,28,0.42555755376815796,-0.02604665607213974,10,0.03278248384594917,4,17,False,False
beta,4,4,29,0.33988848328590393,-0.02651757374405861,10,-0.026779526844620705,8,17,False,False
beta,4,4,30,0.362848162651062,0.026405151933431625,5,-0.08749326318502426,14,17,False,True
beta,4,4,31,0.24551166594028473,-0.0006225319812074304,11,0.027575001120567322,11,17,False,False
beta,4,4,32,0.49085521697998047,-0.055697210133075714,13,-0.058028243482112885,16,17,False,True
beta,5,1,1,0.08402805030345917,-0.025933757424354553,15,0.040267638862133026,7,17,True,False
beta,5,1,2,0.19423405826091766,-0.03930225223302841,17,0.010260391980409622,11,17,True,False
beta,5,1,3,0.44229552149772644,-0.03470974788069725,8,-0.06382053345441818,14,17,False,True
beta,5,1,4,0.21223771572113037,-0.016057999804615974,14,0.022591058164834976,5,17,True,False
beta,5,1,5,0.3131129741668701,-0.03314908966422081,14,0.029331369325518608,7,17,True,False
beta,5,1,6,0.2682284712791443,-0.018342051655054092,12,-0.06522983312606812,13,17,False,False
beta,5,1,7,0.1669672727584839,0.005274453200399876,6,-0.0572584867477417,16,17,False,True
beta,5,1,8,0.2105039358139038,-0.028870977461338043,11,0.039298318326473236,8,17,False,False
beta,5,1,9,0.15212945640087128,-0.011779826134443283,10,0.008661974221467972,9,17,False,False
beta,5,1,10,0.6561574935913086,0.03168977424502373,12,0.02075008675456047,9,17,False,False
beta,5,1,11,0.3479606509208679,0.020577650517225266,9,-5.339217750588432e-06,11,17,False,False
beta,5,1,12,0.11820001900196075,-0.028554679825901985,17,0.053259555250406265,7,17,True,False
beta,5,1,13,0.20366506278514862,-0.05696103349328041,17,-0.028426852077245712,12,17,True,False
beta,5,1,14,0.5962567329406738,0.042540647089481354,14,-0.012741710059344769,7,17,True,False
beta,5,1,15,0.49134135246276855,-0.0035947468131780624,11,-0.12189281731843948,15,17,False,True
beta,5,1,16,0.20795069634914398,-0.03757408261299133,12,0.020711591467261314,9,17,False,False
beta,5,1,17,0.17408475279808044,-0.03583863750100136,17,-0.042266152799129486,13,17,True,False
beta,5,1,18,0.16925020515918732,-0.029085949063301086,15,-0.02651478536427021,12,17,True,False
beta,5,1,19,0.27428504824638367,-0.044049959629774094,16,-0.026517711579799652,10,17,True,False
beta,5,1,20,0.26145628094673157,-0.061767131090164185,15,0.0018950393423438072,7,17,True,False
beta,5,1,21,0.34612348675727844,-0.022442296147346497,11,0.004884858150035143,7,17,False,False
beta,5,1,22,0.2967236638069153,0.03172370046377182,9,-0.021888915449380875,9,17,False,False
beta,5,1,23,0.09530433267354965,-0.03226836398243904,15,0.022163810208439827,8,17,True,False
beta,5,1,24,0.20512491464614868,0.00044396170414984226,6,-0.0008249105303548276,10,17,False,False
beta,5,1,25,0.2871151268482208,-0.01744760200381279,13,-0.041384510695934296,12,17,False,False
beta,5,1,26,0.22442208230495453,0.003502054139971733,10,-0.028207112103700638,12,17,False,False
beta,5,1,27,0.3334023952484131,-0.054292965680360794,15,-0.0685604140162468,12,17,True,False
beta,5,1,28,0.14867067337036133,-0.011025354266166687,10,-0.00197058217599988,9,17,False,False
beta,5,1,29,0.1484278440475464,-0.014574475586414337,17,-0.023379642516374588,11,17,True,False
beta,5,1,30,0.23307710886001587,-0.04817187413573265,15,0.026293344795703888,9,17,True,False
beta,5,1,31,0.2578774094581604,0.005666094832122326,6,-0.04869949445128441,14,17,False,True
beta,5,1,32,0.3763855993747711,0.010756360366940498,14,-0.07646837830543518,16,17,True,True
beta,5,2,1,0.1403638869524002,-0.04454658925533295,17,0.04595935717225075,8,17,True,False
beta,5,2,2,0.17149019241333008,-0.006431702524423599,12,-0.03130752965807915,15,17,False,True
beta,5,2,3,0.21154341101646423,-0.0678957998752594,17,0.09146946668624878,7,17,True,False
beta,5,2,4,0.20009967684745789,-0.004125111270695925,8,-0.016088644042611122,11,17,False,False
beta,5,2,5,0.16363830864429474,-0.049285486340522766,14,0.022686604410409927,10,17,True,False
beta,5,2,6,0.2502357065677643,0.01947951689362526,10,-0.016316955909132957,11,17,False,False
beta,5,2,7,0.2787182331085205,-0.10418599843978882,17,0.07942545413970947,5,17,True,False
beta,5,2,8,0.13248668611049652,-0.005681587848812342,12,0.043515339493751526,9,17,False,False
beta,5,2,9,0.3290536403656006,-0.0885615274310112,17,0.0474119707942009,8,17,True,False
beta,5,2,10,0.1760440468788147,-0.0473208874464035,15,0.10180582106113434,3,17,True,False
beta,5,2,11,0.23534023761749268,-0.017973467707633972,15,0.008473471738398075,10,17,True,False
beta,5,2,12,0.1940142959356308,-0.01805594377219677,14,-0.03631623834371567,12,17,True,False
beta,5,2,13,0.1609295904636383,0.012017275206744671,6,-0.04712018743157387,14,17,False,True
beta,5,2,14,0.1417413353919983,-0.05663663521409035,17,0.04128307104110718,9,17,True,False
beta,5,2,15,0.5579873323440552,-0.04213676229119301,11,0.08514602482318878,4,17,False,False
beta,5,2,16,0.19417519867420197,-0.008364476263523102,13,0.0030209734104573727,11,17,False,False
beta,5,2,17,0.24394690990447998,-0.05888110026717186,12,0.05097554996609688,7,17,False,False
beta,5,2,18,0.5686954259872437,0.030951162800192833,16,-0.039772145450115204,10,17,True,False
beta,5,2,19,0.2041781097650528,-0.05728825926780701,15,0.009762546978890896,9,17,True,False
beta,5,2,20,0.4608619809150696,-0.021817708387970924,10,-0.0014831367880105972,9,17,False,False
beta,5,2,21,0.34100812673568726,-0.04355275258421898,14,0.01784677989780903,11,17,True,False
beta,5,2,22,0.2159034162759781,0.016269730404019356,10,-0.006158805917948484,9,17,False,False
beta,5,2,23,0.07274550199508667,-0.010610353201627731,10,0.0334264412522316,7,17,False,False
beta,5,2,24,0.22097019851207733,-0.061100833117961884,17,0.07327137142419815,7,17,True,False
beta,5,2,25,0.22026506066322327,0.07040577381849289,13,-0.05597784370183945,15,17,False,True
beta,5,2,26,0.10086237639188766,-0.025736046954989433,14,0.03425972908735275,7,17,True,False
beta,5,2,27,0.19562402367591858,-0.04473717883229256,17,0.0034503680653870106,10,17,True,False
beta,5,2,28,0.24679574370384216,-0.020641755312681198,13,0.00647053774446249,8,17,False,False
beta,5,2,29,0.1579667329788208,-0.03370222821831703,16,0.05676048994064331,4,17,True,False
beta,5,2,30,0.13753005862236023,-0.046894680708646774,17,0.032363161444664,7,17,True,False
beta,5,2,31,0.1752767264842987,-0.08452613651752472,17,0.08887118101119995,5,17,True,False
beta,5,2,32,0.16359654068946838,-0.002088590757921338,12,-0.056530456990003586,16,17,False,True
beta,5,3,1,0.557364821434021,0.031588681042194366,15,0.023164866492152214,5,17,True,False
beta,5,3,2,0.5044302940368652,0.008213287219405174,10,0.11982178688049316,1,17,False,False
beta,5,3,3,0.5727524161338806,-0.02643367275595665,13,0.05647488310933113,8,17,False,False
beta,5,3,4,0.4769638776779175,0.03411071375012398,12,0.07344480603933334,4,17,False,False
beta,5,3,5,0.6547574400901794,-0.008525548502802849,7,0.03956517204642296,4,17,False,False
beta,5,3,6,0.17999523878097534,-0.025689980015158653,15,0.015272973105311394,9,17,True,False
beta,5,3,7,0.22146983444690704,-0.07052409648895264,15,0.06086805462837219,7,17,True,False
beta,5,3,8,0.5031238794326782,-0.05062219873070717,14,0.06313411146402359,1,17,True,False
beta,5,3,9,0.5838172435760498,-0.05793046951293945,14,0.11045120656490326,3,17,True,False
beta,5,3,10,0.873094916343689,-0.02037852630019188,11,0.04237670078873634,3,17,False,False
beta,5,3,11,0.6387714147567749,0.07561133801937103,13,-0.061709094792604446,12,17,False,False
beta,5,3,12,0.04063533991575241,-0.0035831511486321688,12,0.0423586368560791,10,17,False,False
beta,5,3,13,0.713566780090332,-0.037477560341358185,12,0.010324019007384777,9,17,False,False
beta,5,3,14,0.5427928566932678,-0.034712404012680054,11,0.059093523770570755,5,17,False,False
beta,5,3,15,0.6172688603401184,0.03530057519674301,12,-0.03613642603158951,11,17,False,False
beta,5,3,16,0.1672060191631317,-0.03935486823320389,15,0.06140553951263428,7,17,True,False
beta,5,3,17,0.32376930117607117,0.043917618691921234,13,0.044032592326402664,6,17,False,False
beta,5,3,18,0.23643331229686737,0.02875727042555809,8,-0.10462874174118042,16,17,False,True
beta,5,3,19,0.3971981704235077,-0.026215890422463417,14,-0.018049167469143867,9,17,True,False
beta,5,3,20,0.7141430974006653,0.004466068930923939,10,0.10726869851350784,1,17,False,False
beta,5,3,21,0.20853780210018158,0.009671187959611416,7,-0.023407859727740288,12,17,False,False
beta,5,3,22,0.13195741176605225,-0.031219009310007095,16,0.025010637938976288,9,17,True,False
beta,5,3,23,0.6008997559547424,0.0296581219881773,13,0.07387588918209076,5,17,False,False
beta,5,3,24,0.2771725356578827,-0.0503903403878212,16,-0.019507452845573425,10,17,True,False
beta,5,3,25,0.57003253698349,0.0434805303812027,11,-0.009424162097275257,11,17,False,False
beta,5,3,26,0.8120665550231934,0.04847134277224541,17,0.00739579601213336,7,17,True,False
beta,5,3,27,0.4305732846260071,-0.00011667719081742689,12,-0.02048686519265175,9,17,False,False
beta,5,3,28,0.30024006962776184,-0.023883242160081863,14,0.009312637150287628,9,17,True,False
beta,5,3,29,0.22994846105575562,0.03862256929278374,13,-0.033311933279037476,14,17,False,True
beta,5,3,30,0.2051834911108017,-0.02547311782836914,11,-0.012912169098854065,13,17,False,False
beta,5,3,31,0.6723992824554443,0.04759882017970085,11,-0.004253204446285963,5,17,False,False
beta,5,3,32,0.5568439960479736,0.014651961624622345,13,0.10807257145643234,2,17,False,False
beta,5,4,1,0.38766419887542725,-0.04338061437010765,9,0.008449824526906013,11,17,False,False
beta,5,4,2,0.4925788938999176,0.03883639723062515,11,-0.047146935015916824,16,17,False,True
beta,5,4,3,0.2263931930065155,0.005035737529397011,8,-0.008772946894168854,10,17,False,False
beta,5,4,4,0.43445393443107605,0.04503742977976799,13,-0.02433602511882782,8,17,False,False
beta,5,4,5,0.3880225419998169,0.019566064700484276,11,-0.024751855060458183,12,17,False,False
beta,5,4,6,0.15760032832622528,-0.015219535678625107,11,0.02167392708361149,10,17,False,False
beta,5,4,7,0.2121245563030243,-0.03006381168961525,16,-0.009158642962574959,10,17,True,False
beta,5,4,8,0.3948555290699005,0.028915321454405785,12,-0.0063259778544306755,7,17,False,False
beta,5,4,9,0.3454756736755371,0.023063773289322853,6,-0.024656066671013832,13,17,False,False
beta,5,4,10,0.26632094383239746,0.029441198334097862,13,-0.03426744043827057,13,17,False,False
beta,5,4,11,0.33885645866394043,-0.06690192967653275,17,-0.012941031716763973,10,17,True,False
beta,5,4,12,0.3293416202068329,0.025423705577850342,12,-0.042368654161691666,14,17,False,True
beta,5,4,13,0.1978030800819397,-0.02557266317307949,11,-0.01194500271230936,9,17,False,False
beta,5,4,14,0.3916020393371582,-0.10447853803634644,15,0.15212275087833405,1,17,True,False
beta,5,4,15,0.5881552696228027,0.04023563116788864,14,-0.06417416036128998,16,17,True,True
beta,5,4,16,0.2547633647918701,-0.027221323922276497,15,-0.040705807507038116,10,17,True,False
beta,5,4,17,0.24327141046524048,-0.009939195588231087,15,-0.013804411515593529,12,17,True,False
beta,5,4,18,0.26948538422584534,-0.04039299488067627,12,-0.03641471266746521,11,17,False,False
beta,5,4,19,0.1652533859014511,-0.022454530000686646,13,0.009273111820220947,8,17,False,False
beta,5,4,20,0.5866805911064148,-0.012378724291920662,8,0.022583235055208206,5,17,False,False
beta,5,4,21,0.2575491666793823,-0.03159148991107941,12,0.06512515246868134,7,17,False,False
beta,5,4,22,0.39197230339050293,0.03355419263243675,14,0.043543584644794464,6,17,True,False
beta,5,4,23,0.21973201632499695,-0.008521044626832008,12,-0.04723086580634117,13,17,False,False
beta,5,4,24,0.3324087858200073,-0.05048053339123726,11,0.06977342814207077,8,17,False,False
beta,5,4,25,0.38362255692481995,-0.005261476617306471,9,0.028320368379354477,7,17,False,False
beta,5,4,26,0.24501432478427887,-0.03613913804292679,17,0.01487487182021141,9,17,True,False
beta,5,4,27,0.2646884322166443,-0.019168272614479065,10,-0.04612591862678528,14,17,False,True
beta,5,4,28,0.30614161491394043,-0.039046041667461395,14,0.10028821229934692,2,17,True,False
beta,5,4,29,0.4740245044231415,-0.01610511913895607,7,0.003509450936689973,8,17,False,False
beta,5,4,30,0.4441380202770233,-0.032860949635505676,11,-0.020488476380705833,12,17,False,False
beta,5,4,31,0.3004729747772217,-0.09137707948684692,16,0.03185361623764038,7,17,True,False
beta,5,4,32,0.4354665279388428,-0.04301154986023903,15,0.05985823646187782,3,17,True,False
beta,6,1,1,0.019984621554613113,0.005182058550417423,9,0.014340892434120178,11,17,False,False
beta,6,1,2,0.02223627083003521,0.007902899757027626,10,0.017181549221277237,11,17,False,False
beta,6,1,3,0.016925929114222527,0.0044480981305241585,9,0.016825584694743156,9,17,False,False
beta,6,1,4,0.02895469404757023,0.002048521302640438,6,0.04244067892432213,7,17,False,False
beta,6,1,5,0.0659639984369278,-0.005144947674125433,12,0.031520865857601166,11,17,False,False
beta,6,1,6,0.023820986971259117,0.006917223799973726,8,0.014720368199050426,9,17,False,False
beta,6,1,7,0.0407387800514698,0.017333852127194405,10,0.0097467927262187,12,17,False,False
beta,6,1,8,0.04106314480304718,0.004944016225636005,8,0.005484677851200104,12,17,False,False
beta,6,1,9,0.019876444712281227,9.542139014229178e-05,7,0.016588963568210602,11,17,False,False
beta,6,1,10,0.49142080545425415,-0.014915846288204193,9,-0.02129594050347805,12,17,False,False
beta,6,1,11,0.12886860966682434,-0.02142573893070221,10,0.03250487521290779,7,17,False,False
beta,6,1,12,0.023985479027032852,0.009951257146894932,12,0.011938488110899925,10,17,False,False
beta,6,1,13,0.028244713321328163,-0.007077352609485388,14,0.022655712440609932,11,17,True,False
beta,6,1,14,0.09835382550954819,-0.0029478787910193205,11,0.0420035757124424,8,17,False,False
beta,6,1,15,0.4001668095588684,-0.020157035440206528,10,-0.07743046432733536,13,17,False,False
beta,6,1,16,0.019058793783187866,0.0035510596353560686,8,0.016297155991196632,12,17,False,False
beta,6,1,17,0.045959196984767914,0.008238865062594414,9,0.013555710203945637,11,17,False,False
beta,6,1,18,0.04784615337848663,0.009555500000715256,9,0.018736111000180244,12,17,False,False
beta,6,1,19,0.025813257321715355,9.034190588863567e-05,5,0.00614915182814002,12,17,False,False
beta,6,1,20,0.015049729496240616,0.004908758215606213,10,0.020303230732679367,8,17,False,False
beta,6,1,21,0.15311895310878754,0.013083056546747684,14,0.028220513835549355,6,17,True,False
beta,6,1,22,0.03067862242460251,0.007305426988750696,9,0.04061524569988251,8,17,False,False
beta,6,1,23,0.02529941312968731,0.004293591249734163,9,0.005345245357602835,16,17,False,True
beta,6,1,24,0.026532400399446487,0.0067101139575243,10,0.01636224426329136,11,17,False,False
beta,6,1,25,0.02765657566487789,-0.004489407874643803,14,0.01342192105948925,12,17,True,False
beta,6,1,26,0.16685311496257782,0.011302548460662365,9,0.020010843873023987,11,17,False,False
beta,6,1,27,0.11027264595031738,0.012390847317874432,6,0.019244160503149033,10,17,False,False
beta,6,1,28,0.026674823835492134,0.007984749041497707,9,0.025167670100927353,5,17,False,False
beta,6,1,29,0.024315837770700455,0.010577253997325897,13,0.013390369713306427,9,17,False,False
beta,6,1,30,0.010540368966758251,0.0012892310041934252,8,0.024290546774864197,11,17,False,False
beta,6,1,31,0.046989232301712036,0.009067710489034653,9,0.01702876389026642,7,17,False,False
beta,6,1,32,0.055063992738723755,0.006145954597741365,11,0.003635421162471175,13,17,False,False
beta,6,2,1,0.5429921746253967,-0.024595364928245544,4,-0.005602403078228235,10,17,False,False
beta,6,2,2,0.7795363068580627,-0.07762569189071655,17,0.002031105337664485,7,17,True,False
beta,6,2,3,0.08012747764587402,-0.005087563768029213,8,0.008983822539448738,12,17,False,False
beta,6,2,4,0.0821828544139862,-0.008491087704896927,11,0.018332602456212044,9,17,False,False
beta,6,2,5,0.07622141391038895,-0.00402446324005723,6,0.035394471138715744,9,17,False,False
beta,6,2,6,0.05084709823131561,-0.008256673812866211,9,0.016594432294368744,9,17,False,False
beta,6,2,7,0.0799298882484436,0.0035346143413335085,11,0.016177387908101082,11,17,False,False
beta,6,2,8,0.09208893775939941,0.01264597475528717,14,-0.0017423537792637944,14,17,True,True
beta,6,2,9,0.05638885870575905,0.014903799630701542,13,0.0011762762442231178,14,17,False,True
beta,6,2,10,0.07431104779243469,-0.006988942623138428,7,0.0217572171241045,12,17,False,False
beta,6,2,11,0.14066173136234283,0.04187014698982239,16,-0.03392280265688896,14,17,True,True
beta,6,2,12,0.0901506096124649,0.016172312200069427,16,0.01348735298961401,9,17,True,False
beta,6,2,13,0.03646060451865196,0.002281602704897523,13,0.024290770292282104,11,17,False,False
beta,6,2,14,0.1099391058087349,-0.00015407527098432183,8,0.018579037860035896,12,17,False,False
beta,6,2,15,0.07166346907615662,0.011627503670752048,15,0.016937945038080215,9,17,True,False
beta,6,2,16,0.143652081489563,0.04392630234360695,16,-0.03156806528568268,13,17,True,False
beta,6,2,17,0.36401787400245667,-0.009663952514529228,10,-0.025496255606412888,10,17,False,False
beta,6,2,18,0.1428767740726471,0.01676042750477791,15,-0.004686030093580484,13,17,True,False
beta,6,2,19,0.09660658240318298,0.05654529109597206,16,-0.02855566143989563,15,17,True,True
beta,6,2,20,0.15174131095409393,-0.010088054463267326,11,0.034211721271276474,10,17,False,False
beta,6,2,21,0.21661055088043213,0.01626613922417164,14,-0.022509755566716194,14,17,True,True
beta,6,2,22,0.23301510512828827,0.055140066891908646,14,-0.05336800217628479,15,17,True,True
beta,6,2,23,0.07914235442876816,0.013579018414020538,15,0.03965628519654274,9,17,True,False
beta,6,2,24,0.027268046513199806,0.002051115036010742,12,0.013184177689254284,13,17,False,False
beta,6,2,25,0.050191730260849,0.007419457193464041,14,-0.004438532050698996,16,17,True,True
beta,6,2,26,0.13398677110671997,0.0184966791421175,13,-0.017999960109591484,16,17,False,True
beta,6,2,27,0.0677901953458786,0.0074323974549770355,13,-0.0028057147283107042,15,17,False,True
beta,6,2,28,0.12445991486310959,0.004741351120173931,12,0.03534302860498428,9,17,False,False
beta,6,2,29,0.1265106052160263,0.011133617721498013,11,-0.01509755477309227,15,17,False,True
beta,6,2,30,0.10260191559791565,0.005555011797696352,13,-0.0024130025412887335,13,17,False,False
beta,6,2,31,0.07957884669303894,0.002065475331619382,12,0.009479358792304993,10,17,False,False
beta,6,2,32,0.1751171350479126,0.0004748652863781899,11,0.010482192039489746,10,17,False,False
beta,6,3,1,0.795464038848877,-0.01844552345573902,11,0.01557182427495718,5,17,False,False
beta,6,3,2,0.9258294105529785,-0.02106068842113018,14,-0.00020102948474232107,3,17,True,False
beta,6,3,3,0.6856712102890015,-0.0713343396782875,10,0.0710987076163292,3,17,False,False
beta,6,3,4,0.42456841468811035,-0.06093905121088028,12,-0.0021738652139902115,11,17,False,False
beta,6,3,5,0.9099284410476685,-0.0027889362536370754,7,-0.028413493186235428,15,17,False,True
beta,6,3,6,0.17718099057674408,0.03913860768079758,13,-0.0443553701043129,14,17,False,True
beta,6,3,7,0.5067619681358337,-0.00567210465669632,7,0.015770435333251953,12,17,False,False
beta,6,3,8,0.8753342628479004,-0.0018987099174410105,6,0.01883275806903839,5,17,False,False
beta,6,3,9,0.8099839091300964,-0.02637273631989956,10,0.04084125533699989,4,17,False,False
beta,6,3,10,0.9081659913063049,-0.003533948678523302,13,-0.0174875408411026,8,17,False,False
beta,6,3,11,0.4337117671966553,0.014238874427974224,11,0.006211505271494389,11,17,False,False
beta,6,3,12,0.0709521695971489,0.007604814600199461,7,0.042040400207042694,6,17,False,False
beta,6,3,13,0.6418311595916748,-0.026029709726572037,15,0.03191329911351204,4,17,True,False
beta,6,3,14,0.8427443504333496,0.015159950591623783,15,-0.014223829843103886,9,17,True,False
beta,6,3,15,0.9510235786437988,-0.00015429449558723718,11,-0.031253911554813385,11,17,False,False
beta,6,3,16,0.17332316935062408,-0.018917489796876907,15,-0.011500182561576366,11,17,True,False
beta,6,3,17,0.7238883972167969,-0.03495076298713684,10,-0.0422496423125267,10,17,False,False
beta,6,3,18,0.16039445996284485,0.007950074039399624,9,0.017527753487229347,6,17,False,False
beta,6,3,19,0.5786072611808777,0.020243732258677483,9,-0.034984711557626724,11,17,False,False
beta,6,3,20,0.5400895476341248,-0.0644722431898117,15,-0.009255717508494854,11,17,True,False
beta,6,3,21,0.6563440561294556,-0.004793908447027206,9,0.021481558680534363,7,17,False,False
beta,6,3,22,0.13370297849178314,0.0008849950972944498,6,0.06835572421550751,4,17,False,False
beta,6,3,23,0.24666598439216614,0.005632798653095961,6,-0.0415203794836998,15,17,False,True
beta,6,3,24,0.29970481991767883,0.004874790087342262,5,-0.027987292036414146,10,17,False,False
beta,6,3,25,0.33759605884552,0.020950689911842346,5,0.018523355945944786,9,17,False,False
beta,6,3,26,0.5376612544059753,-0.0465841181576252,15,0.004307698458433151,9,17,True,False
beta,6,3,27,0.30984288454055786,0.053982026875019073,16,0.01924506202340126,4,17,True,False
beta,6,3,28,0.43351098895072937,-0.04907016456127167,16,0.03435792773962021,7,17,True,False
beta,6,3,29,0.24447619915008545,-0.027580246329307556,17,-0.005093491170555353,12,17,True,False
beta,6,3,30,0.43061569333076477,-0.03819216415286064,13,0.004833582788705826,10,17,False,False
beta,6,3,31,0.2812005579471588,-0.0034937032032757998,12,-0.0343044213950634,14,17,False,True
beta,6,3,32,0.35898035764694214,-0.08055993914604187,16,0.04660762473940849,8,17,True,False
beta,6,4,1,0.15873892605304718,0.01293911226093769,10,0.010522106662392616,11,17,False,False
beta,6,4,2,0.5223799347877502,0.047805994749069214,7,0.02087518200278282,6,17,False,False
beta,6,4,3,0.20891378819942474,0.039530523121356964,11,-0.020394064486026764,12,17,False,False
beta,6,4,4,0.30595067143440247,0.0056424676440656185,6,0.014015037566423416,7,17,False,False
beta,6,4,5,0.1286660134792328,-0.004198496229946613,11,0.047568827867507935,7,17,False,False
beta,6,4,6,0.13692399859428406,-0.020540298894047737,15,0.07558931410312653,9,17,True,False
beta,6,4,7,0.1302778273820877,0.005262178368866444,7,-0.005130842328071594,14,17,False,True
beta,6,4,8,0.4030247628688812,0.01262086071074009,8,-0.023847104981541634,11,17,False,False
beta,6,4,9,0.6847756505012512,-0.017217125743627548,13,-0.007702485658228397,11,17,False,False
beta,6,4,10,0.1165279820561409,-0.012926410883665085,12,0.028734447434544563,11,17,False,False
beta,6,4,11,0.4303233027458191,0.008063849061727524,5,0.01614401489496231,5,17,False,False
beta,6,4,12,0.2466239035129547,-0.0033675709273666143,10,0.002969098975881934,9,17,False,False
beta,6,4,13,0.2125837206840515,0.01741563342511654,10,-0.022486135363578796,13,17,False,False
beta,6,4,14,0.16429252922534943,-0.012001000344753265,13,0.0438404381275177,11,17,False,False
beta,6,4,15,0.39429715275764465,-0.04635820910334587,9,-0.03254856541752815,10,17,False,False
beta,6,4,16,0.18921546638011932,0.046328458935022354,12,-0.026328356936573982,13,17,False,False
beta,6,4,17,0.1806231439113617,0.05210141837596893,12,-0.0017932887421920896,9,17,False,False
beta,6,4,18,0.048570308834314346,0.004763755481690168,7,0.024374615401029587,11,17,False,False
beta,6,4,19,0.0994839295744896,-0.010056726634502411,14,0.030027786269783974,11,17,True,False
beta,6,4,20,0.8277447819709778,-0.012999803759157658,15,-0.020078571513295174,6,17,True,False
beta,6,4,21,0.15899598598480225,-0.02080356702208519,15,0.05090739205479622,7,17,True,False
beta,6,4,22,0.3438557982444763,-0.04358159005641937,16,0.03624201565980911,9,17,True,False
beta,6,4,23,0.3501570522785187,0.07122889161109924,11,-0.08216103166341782,16,17,False,True
beta,6,4,24,0.3111906945705414,-0.02478647232055664,11,0.041506338864564896,8,17,False,False
beta,6,4,25,0.13088156282901764,0.01685315929353237,8,0.01588154025375843,12,17,False,False
beta,6,4,26,0.11026450246572495,0.0015845936723053455,6,0.052698735147714615,9,17,False,False
beta,6,4,27,0.24427610635757446,-0.00588300870731473,10,-0.04285728186368942,14,17,False,True
beta,6,4,28,0.15340466797351837,0.013982770964503288,6,0.02239580638706684,11,17,False,False
beta,6,4,29,0.07334894686937332,0.0006858459091745317,8,0.035703305155038834,7,17,False,False
beta,6,4,30,0.13743984699249268,0.022980984300374985,11,-0.0121470857411623,15,17,False,True
beta,6,4,31,0.17105096578598022,0.024650806561112404,10,0.010358000174164772,11,17,False,False
beta,6,4,32,0.7170785665512085,-0.016322270035743713,12,0.031411346048116684,1,17,False,False
logtau,1,1,1,65.8373204528065,-1.8777383384028679,11,0.9832236710225484,10,17,False,False
logtau,1,1,2,40.96053339368887,-2.491600741982525,12,1.5154674517226407,10,17,False,False
logtau,1,1,3,16.7953834775175,0.559507224817013,7,1.2149739708078977,7,17,False,False
logtau,1,1,4,16.88973620901391,1.1590637789763214,8,2.1163583303986044,7,17,False,False
logtau,1,1,5,75.64274001767194,0.25108546209902105,11,-33.68587099604168,17,17,False,True
logtau,1,1,6,6.705405950827404,-0.32367887639818127,8,0.4418849633367472,5,17,False,False
logtau,1,1,7,5.28454740627167,0.7598779922869836,7,2.83904926693781,7,17,False,False
logtau,1,1,8,31.17035515939079,-0.14312523177368863,11,-6.166702057418516,8,17,False,False
logtau,1,1,9,10.600453952727081,1.3897943450684513,7,4.679875532727995,7,17,False,False
logtau,1,1,10,28.5892567319017,-2.6217175898360034,8,-4.7712008780427695,10,17,False,False
logtau,1,1,11,6.126909407399055,-2.5379147875016383,12,6.457013647002019,5,17,False,False
logtau,1,1,12,4.520874753915769,-0.1608318991982438,12,1.8999208425199088,5,17,False,False
logtau,1,1,13,7.888173801920137,-1.0803884473122638,12,1.2120736764190454,7,17,False,False
logtau,1,1,14,11.669391007170152,-2.1892257890509637,5,2.2433573715852306,10,17,False,False
logtau,1,1,15,8.474589022268185,-5.2754196008950816,11,7.408648720983457,9,17,False,False
logtau,1,1,16,5.9885765260068435,-1.9350355315633783,9,2.020358253081378,8,17,False,False
logtau,1,1,17,7.30313948405948,-1.154773415275756,7,-4.9355922914554595,10,17,False,False
logtau,1,1,18,153.53429075128562,-0.7286558184315117,7,-2.557495938109866,12,17,False,False
logtau,1,1,19,168.66289420392445,0.27051786628253804,12,-2.80055169980602,11,17,False,False
logtau,1,1,20,11.083757942908132,-3.531326819980918,11,0.44644918127312305,8,17,False,False
logtau,1,1,21,21.321890673426687,0.539265231030428,8,-5.784356689114345,13,17,False,False
logtau,1,1,22,12.91171254012799,-0.5420876138658937,8,0.5014195998028104,5,17,False,False
logtau,1,1,23,7.7395059886281,-0.5255538625030809,9,0.5253630298402756,7,17,False,False
logtau,1,1,24,19.442103802460664,-0.39266744048819247,7,-1.4805739893539505,8,17,False,False
logtau,1,1,25,16.450085714066383,2.1260750848432375,8,-22.09815972092837,11,17,False,False
logtau,1,1,26,39.554312208080674,-1.3053093071898947,12,0.004874351514150277,8,17,False,False
logtau,1,1,27,10.470373920438037,-0.34655469751320167,10,-0.36150538112054154,6,17,False,False
logtau,1,1,28,19.18833030197658,-0.3538375215609735,11,0.09554774376761,5,17,False,False
logtau,1,1,29,17.65134375949609,-3.3007201250429996,15,-0.9351414241811629,8,17,True,False
logtau,1,1,30,18.572152772467614,-2.929332871002488,11,-0.886412638793177,10,17,False,False
logtau,1,1,31,19.77025009314538,3.0067924369737264,10,1.8299614625522764,6,17,False,False
logtau,1,1,32,6.930076968260833,1.703837954070786,8,0.27129233578189194,6,17,False,False
logtau,1,2,1,4.000338449224778,-0.33784706484352167,8,-2.47322272275613,11,17,False,False
logtau,1,2,2,8.47577894993062,-1.7074917680010682,8,-1.0062842956322982,11,17,False,False
logtau,1,2,3,6.300119273532695,-2.944333404959776,9,2.1049525615828735,9,17,False,False
logtau,1,2,4,14.908641519845377,-0.5213347177990602,11,1.5434106817335147,8,17,False,False
logtau,1,2,5,11.292151451017947,-2.987355153938942,12,-0.630451147642519,9,17,False,False
logtau,1,2,6,8.37179875338123,2.3419691093699235,7,3.64311812930167,6,17,False,False
logtau,1,2,7,7.0268587981325235,1.0914236102163466,6,6.073872479787323,6,17,False,False
logtau,1,2,8,8.733186183209314,2.175725110788229,6,8.496569596243475,3,17,False,False
logtau,1,2,9,13.668300898827033,-4.4108053527824875,8,2.245030087112032,10,17,False,False
logtau,1,2,10,6.738188966041479,-1.4343105437176873,9,-1.5273382611528996,11,17,False,False
logtau,1,2,11,18.801647646537962,0.07613096681682308,10,-8.025994266112125,10,17,False,False
logtau,1,2,12,4.597461319898187,2.2408776195287805,7,-0.44666042379756243,7,17,False,False
logtau,1,2,13,8.650804188352874,-1.2221216052106465,15,-5.457830633097305,11,17,True,False
logtau,1,2,14,96.94204660353205,-1.095200562288834,14,-1.0525188433058608,7,17,True,False
logtau,1,2,15,6.241174569600749,-1.171264679856776,9,-5.228461704944354,10,17,False,False
logtau,1,2,16,6.09044651522745,-0.5371605068489771,8,0.21847198364484122,5,17,False,False
logtau,1,2,17,9.43220668838537,1.9819400640849194,12,-5.34499358755125,11,17,False,False
logtau,1,2,18,8.670771084870182,1.507340359727416,8,-0.883925576166722,8,17,False,False
logtau,1,2,19,10.496110627747363,1.1880380199004392,9,-0.28177608316299896,11,17,False,False
logtau,1,2,20,8.85947568391255,-2.971121991239545,14,10.345509686096111,5,17,True,False
logtau,1,2,21,3.0016604284903368,-0.2510885907415772,8,0.23245592669118853,5,17,False,False
logtau,1,2,22,7.007679965291994,-0.29967799405232753,10,0.7066374315279456,5,17,False,False
logtau,1,2,23,8.001862596215739,0.06815842856295884,10,2.8454089778910063,4,17,False,False
logtau,1,2,24,10.329058466382211,-1.3144114548764407,9,1.870567449339866,7,17,False,False
logtau,1,2,25,12.503338545908306,-0.2837690585068664,12,-0.29416510960053044,8,17,False,False
logtau,1,2,26,10.564298545785094,0.7028678071350658,7,5.692820120720565,7,17,False,False
logtau,1,2,27,25.690398821339976,-0.47354269275843297,13,-2.5926073079527656,11,17,False,False
logtau,1,2,28,42.239900366341395,-1.4061504612725928,11,-3.0551150693220452,11,17,False,False
logtau,1,2,29,22.824495100883794,-0.7588620526445156,6,-1.4951890872333173,11,17,False,False
logtau,1,2,30,9.867146741784493,-0.4962549713515618,15,-1.7715743973369613,12,17,True,False
logtau,1,2,31,9.3539338368529,1.3513957233490137,6,18.516680423983665,0,17,False,False
logtau,1,2,32,14.796966526261755,-0.5781962312478073,10,-3.3938034816068163,9,17,False,False
logtau,1,3,1,19.04744700267345,-1.441850532368416,10,3.4671042961293974,8,17,False,False
logtau,1,3,2,31.172725243829273,-0.5621451804796229,9,-1.6408143133450626,10,17,False,False
logtau,1,3,3,12.168345788461979,2.094149481442731,8,-13.925456452739782,11,17,False,False
logtau,1,3,4,4.134629516619488,-1.7689254894801332,12,3.6188086848270906,5,17,False,False
logtau,1,3,5,9.964103708057872,1.1005034261945434,8,-3.90524231779098,8,17,False,False
logtau,1,3,6,4.767461648485806,0.36545554497584565,9,-0.463830965128309,8,17,False,False
logtau,1,3,7,4.888981590290265,-1.1285013984605352,9,0.6588305837237796,6,17,False,False
logtau,1,3,8,25.74853562824879,-0.6141741992853444,11,-3.948972445529164,11,17,False,False
logtau,1,3,9,31.30743947305724,2.1704733818639133,6,8.712117124703145,6,17,False,False
logtau,1,3,10,33.889706016666665,0.3263174183221418,11,-5.617189607450623,15,17,False,True
logtau,1,3,11,2.23062645534509,-0.8360861124900976,8,0.7219776656997245,6,17,False,False
logtau,1,3,12,7.201027291284856,-0.48921534461674465,7,-1.28377030614788,10,17,False,False
logtau,1,3,13,0.4791419304742562,0.08788146934011198,7,1.67315336460383,0,17,False,False
logtau,1,3,14,8.483366775450216,-0.2947565711708622,8,1.4540855273919906,7,17,False,False
logtau,1,3,15,32.07161286847721,-5.80649532246772,13,2.767246919922295,10,17,False,False
logtau,1,3,16,13.247235836139124,-0.7453800460664128,11,-0.19768984455782457,11,17,False,False
logtau,1,3,17,9.535069523452652,0.8647431170804687,9,29.545975779118727,1,17,False,False
logtau,1,3,18,10.884512127486085,1.3629362041341908,13,-2.7534090174761827,11,17,False,False
logtau,1,3,19,0.837185462299077,0.24152958349592524,4,4.345281925892586,1,17,False,False
logtau,1,3,20,23.009591720081016,-2.2047389466963496,6,-19.54844021013734,13,17,False,False
logtau,1,3,21,13.820049717384666,-1.1417946800927448,6,-11.021678872714357,14,17,False,True
logtau,1,3,22,43.44085114901655,-0.9490109523020318,8,-5.64374226181582,8,17,False,False
logtau,1,3,23,11.823944161686576,-5.875755941845073,11,1.1324828727453884,10,17,False,False
logtau,1,3,24,4.107978377753632,0.36497604359564395,12,-5.547899141935275,8,17,False,False
logtau,1,3,25,10.015166055968692,2.274609155695151,8,-12.41267734966327,16,17,False,True
logtau,1,3,26,21.875029842697312,-0.7185570161162058,12,-0.5554230592236697,11,17,False,False
logtau,1,3,27,19.45847287062221,-0.87892038933165,5,1.6550254328416614,7,17,False,False
logtau,1,3,28,21.479013070327802,-0.6214686596053509,10,-4.705195046732868,14,17,False,True
logtau,1,3,29,6.236549101175789,-1.9711246161064566,12,-10.885810458238353,14,17,False,True
logtau,1,3,30,5.48379264984538,0.6395420859506729,9,2.070897650493708,8,17,False,False
logtau,1,3,31,45.391651547891186,0.23239617243331345,6,-23.949595853450933,16,17,False,True
logtau,1,3,32,14.30158144636661,3.8075288636939986,9,-18.21526207121993,11,17,False,False
logtau,1,4,1,18.601968582950487,-1.7661163052161255,9,-5.217042180262455,12,17,False,False
logtau,1,4,2,6.08928642163623,-0.3668770799796772,8,10.920006149453766,3,17,False,False
logtau,1,4,3,3.3403788398489165,-3.2513374437828424,12,4.891799760830784,6,17,False,False
logtau,1,4,4,13.308282878533666,2.1742535740560953,7,0.5582801595789499,7,17,False,False
logtau,1,4,5,4.814444652555944,0.5117712994896273,6,3.5143506646366562,2,17,False,False
logtau,1,4,6,11.323168047177068,-0.2501066213774106,8,-0.36568005273275306,6,17,False,False
logtau,1,4,7,7.634978021933262,-0.3685755146434766,8,0.5540104817198577,5,17,False,False
logtau,1,4,8,12.24319586477286,-0.24544116556354245,7,-0.9192202411555161,6,17,False,False
logtau,1,4,9,6.093672201545939,-3.2055901225178873,10,1.1381505867316122,9,17,False,False
logtau,1,4,10,10.576435331073396,0.013065654755028966,9,1.9105283181043653,6,17,False,False
logtau,1,4,11,8.648140347638117,-2.9771725807350657,8,-2.68068757602663,9,17,False,False
logtau,1,4,12,6.619983832955454,2.2832863696999883,7,-1.0120237334563464,7,17,False,False
logtau,1,4,13,5.821620809601939,-0.9434745474673045,9,1.356284427497001,7,17,False,False
logtau,1,4,14,9.843277839310495,-2.473089708832621,7,-1.1800450014045838,9,17,False,False
logtau,1,4,15,5.88771869520134,2.477146060879498,7,1.4993551797651383,6,17,False,False
logtau,1,4,16,1.5074849845939167,-0.41544795988915917,12,2.154089783811952,6,17,False,False
logtau,1,4,17,10.691591650493649,-1.5455183950031537,14,0.20916098204808442,5,17,True,False
logtau,1,4,18,15.91024420145837,1.208200488643696,7,-5.781827509847326,12,17,False,False
logtau,1,4,19,5.434827226317565,2.906315782333846,6,5.81780056347001,6,17,False,False
logtau,1,4,20,18.895893212359944,-2.8651782817119775,10,4.477497781420237,7,17,False,False
logtau,1,4,21,31.592783655310576,0.3282550034775955,7,-25.932805268419344,17,17,False,True
logtau,1,4,22,10.779399345569672,3.6017873793822597,10,-6.557734283153193,10,17,False,False
logtau,1,4,23,0.8805346101830623,-0.04641635441222647,10,-1.7809994010799302,12,17,False,False
logtau,1,4,24,34.1006023680122,-2.520925373253091,12,4.010436023799313,6,17,False,False
logtau,1,4,25,18.033124102953757,1.437616897791516,9,1.239392263932948,6,17,False,False
logtau,1,4,26,10.443393067771,-2.9320068978847758,8,-1.0345203859064567,11,17,False,False
logtau,1,4,27,9.560249507701007,-1.3987278425480643,12,-7.227212078925904,15,17,False,True
logtau,1,4,28,32.152670477968556,-4.907379068698747,8,-12.214195072100608,11,17,False,False
logtau,1,4,29,22.19188269416868,-0.543674476090561,8,0.08274288180618594,5,17,False,False
logtau,1,4,30,8.560768640527925,-0.5816585674277674,12,-0.5318877632901176,9,17,False,False
logtau,1,4,31,28.023032471995034,-0.5672866773103857,11,-0.6474094508405748,7,17,False,False
logtau,1,4,32,11.835390258190047,-1.15886464243099,12,-5.905101602044982,10,17,False,False
logtau,2,1,1,67.22624407337662,0.5246336461057544,11,-27.591192016347186,15,17,False,True
logtau,2,1,2,23.367752200810834,-2.3510263591517866,12,-15.918451808678514,11,17,False,False
logtau,2,1,3,28.194672861342635,-1.747063110953373,11,-7.708627678008229,12,17,False,False
logtau,2,1,4,130.16903198028885,1.6075946709197098,15,-46.19349884761439,16,17,True,True
logtau,2,1,5,70.42804887795617,-1.3766395747973115,9,-11.207188671576962,15,17,False,True
logtau,2,1,6,48.96769896035568,-1.4644778143013237,15,-1.4585217014434937,6,17,True,False
logtau,2,1,7,43.42125241850814,1.0880386704713807,8,-2.0846513696218483,9,17,False,False
logtau,2,1,8,27.29448926256581,0.96647270438035,6,1.5014317885193584,11,17,False,False
logtau,2,1,9,28.541748539013817,1.0526881131311283,9,13.54817306264826,6,17,False,False
logtau,2,1,10,63.15892196483206,-1.0994578806008182,11,-6.081874940925847,12,17,False,False
logtau,2,1,11,61.09879944474042,-1.560125019597025,14,26.37197545958032,3,17,True,False
logtau,2,1,12,105.6928155876624,2.319244269766352,13,-25.609053035688888,14,17,False,True
logtau,2,1,13,32.425748284029915,-0.47976956922064495,9,-0.47899358523358915,8,17,False,False
logtau,2,1,14,75.97741178451865,6.9996106027655935,14,-51.42660641505705,15,17,True,True
logtau,2,1,15,273.77447200091063,10.053601177522165,11,-66.49535433380895,16,17,False,True
logtau,2,1,16,93.33301912499341,6.1700644787369585,13,-36.25611025897657,12,17,False,False
logtau,2,1,17,6.903735568804495,-1.1060834753680915,12,25.378843599042522,1,17,False,False
logtau,2,1,18,22.805957980898736,0.2532931776898728,9,-5.639004906663569,8,17,False,False
logtau,2,1,19,213.10153517669858,2.4584035964041018,7,-28.398142100542067,15,17,False,True
logtau,2,1,20,167.68260796953226,-0.08642418862797596,9,-38.0876826966255,17,17,False,True
logtau,2,1,21,13.64213462247696,-0.41884589372765957,11,32.12781782444656,0,17,False,False
logtau,2,1,22,192.94690755833676,3.2058893467404648,14,-41.13017804123786,17,17,True,True
logtau,2,1,23,44.079296771359544,0.06316853177705806,5,28.269118561094686,3,17,False,False
logtau,2,1,24,96.78028904111378,2.917795177942284,11,-12.500197598038632,14,17,False,True
logtau,2,1,25,7.214788711175283,-1.6522801262215392,7,24.965301691855224,2,17,False,False
logtau,2,1,26,581.5830236702103,4.7516216934588185,10,-4.700212744160859,11,17,False,False
logtau,2,1,27,126.27313660216427,-0.6798100237482396,8,-12.579072442507776,10,17,False,False
logtau,2,1,28,117.92837618378105,8.819309806762332,15,-46.83417246468189,16,17,True,True
logtau,2,1,29,16.827320700533583,-1.685700997532158,10,25.107653161485466,4,17,False,False
logtau,2,1,30,217.64778393193373,1.2463620452483948,11,-24.6909446334173,14,17,False,True
logtau,2,1,31,66.8956271881622,-4.215147763848803,13,-5.286505494630466,8,17,False,False
logtau,2,1,32,8.807124042196811,5.87398430290933,10,81.50373333051873,3,17,False,False
logtau,2,2,1,20.19016090442975,0.2985327442327268,10,-8.439379283300552,12,17,False,False
logtau,2,2,2,159.91585181023686,-1.1604688473180969,7,-14.74381944498756,15,17,False,True
logtau,2,2,3,93.02484644942878,-3.150958702865614,8,-25.58028911177622,15,17,False,True
logtau,2,2,4,39.71444325647858,1.0934672673151402,8,2.3955511198862744,9,17,False,False
logtau,2,2,5,17.15897526781276,2.3242120240634767,10,26.95801005737497,4,17,False,False
logtau,2,2,6,38.19415601142647,-0.5050235204048681,8,-25.03220181533593,12,17,False,False
logtau,2,2,7,21.19884426316295,4.282965935583083,11,10.62247760431234,4,17,False,False
logtau,2,2,8,11.752766920689666,2.717790972978995,11,-28.51130116571562,15,17,False,True
logtau,2,2,9,89.65024569147548,1.8650705821469327,9,39.629471028029585,2,17,False,False
logtau,2,2,10,37.78163602029461,0.36258661499750655,8,-18.695963917380155,15,17,False,True
logtau,2,2,11,21.81282212091812,-0.09893542355701168,7,-11.90886916336943,10,17,False,False
logtau,2,2,12,12.166225020236629,-0.8112375371034708,9,136.1277563881212,0,17,False,False
logtau,2,2,13,48.20750421154857,0.35282155763378675,5,2.4148289477839535,9,17,False,False
logtau,2,2,14,45.48388337291071,3.66542695240053,14,-16.828578163341824,15,17,True,True
logtau,2,2,15,22.29429609008325,0.8311804497991071,8,36.77244845374845,1,17,False,False
logtau,2,2,16,11.986455221008601,0.0441251726974512,9,-6.819686383397938,9,17,False,False
logtau,2,2,17,25.453096187224205,4.112820824726682,12,-2.090675563197242,8,17,False,False
logtau,2,2,18,66.6051096154377,4.992361563474801,7,40.820700726489065,2,17,False,False
logtau,2,2,19,1.8823967391743965,-0.5994494885605106,10,21.578536843719466,0,17,False,False
logtau,2,2,20,19.637913840313175,1.7717000892788048,11,16.43577982030542,5,17,False,False
logtau,2,2,21,49.95414875536854,3.230753638911743,12,-32.19322193963679,16,17,False,True
logtau,2,2,22,15.092816911651125,2.1547999926908368,10,20.041769591701055,5,17,False,False
logtau,2,2,23,66.12015126714982,7.368124771448237,13,-33.13793498955795,15,17,False,True
logtau,2,2,24,28.844323523536332,3.7433751297145434,9,-3.989708443271711,5,17,False,False
logtau,2,2,25,5.626217070288503,-0.2044223974628112,10,8.208812509505892,2,17,False,False
logtau,2,2,26,74.92676941469698,0.9253805260497794,14,-24.32958673929152,13,17,True,False
logtau,2,2,27,21.05550627147078,-3.8462204874791572,11,35.807214960586364,0,17,False,False
logtau,2,2,28,11.929552562444073,-1.7976945959472745,8,14.678980245476204,5,17,False,False
logtau,2,2,29,17.946511457649105,2.3853900238852033,4,14.64154011261134,4,17,False,False
logtau,2,2,30,40.027741185876025,0.21794570228430565,14,-7.247202462244839,13,17,True,False
logtau,2,2,31,15.41329662660278,-0.2175422780323899,11,26.07071399737009,2,17,False,False
logtau,2,2,32,24.84843022574771,-0.09071443105364008,8,-2.001183488832481,10,17,False,False
logtau,2,3,1,188.6485025746776,4.061854831536471,12,-9.835251007692191,11,17,False,False
logtau,2,3,2,19.573045311337946,1.7789720298691858,8,42.726278354624526,1,17,False,False
logtau,2,3,3,53.84896123405149,5.7450171187164,12,-28.374919637877984,14,17,False,True
logtau,2,3,4,90.71057779024986,6.703272282058026,15,-36.09841600201209,15,17,True,True
logtau,2,3,5,44.09815152084035,-4.589090439465249,16,39.007035878224315,2,17,True,False
logtau,2,3,6,6.021687590278343,-1.7050331606330626,6,24.294651425568638,3,17,False,False
logtau,2,3,7,155.43466110697565,-2.979048852646371,11,21.911157488318867,4,17,False,False
logtau,2,3,8,25.780303333344794,-0.588301476423847,13,64.86034030621171,1,17,False,False
logtau,2,3,9,35.642025422997975,0.322020586225813,9,77.67477422087497,0,17,False,False
logtau,2,3,10,25.473889836432154,-3.443691144494687,12,34.29916265725237,3,17,False,False
logtau,2,3,11,113.58618366715945,-3.995841275461609,12,21.920215931791386,7,17,False,False
logtau,2,3,12,31.236511316799884,2.8392936179532313,9,43.79851178790564,3,17,False,False
logtau,2,3,13,9.646508959953438,-3.796409796286826,9,-22.693777200866826,16,17,False,True
logtau,2,3,14,7.145652206962666,0.6600633010697132,5,16.069031723171513,5,17,False,False
logtau,2,3,15,16.77355475134989,-0.3075234281326944,13,51.027266825116534,0,17,False,False
logtau,2,3,16,32.33421118811724,-3.57236049978924,10,9.206257904911496,5,17,False,False
logtau,2,3,17,62.636476065302375,-1.3980278499126753,3,-14.535280330829226,11,17,False,False
logtau,2,3,18,33.932691597736174,1.2644697613556133,5,83.0019434240423,1,17,False,False
logtau,2,3,19,32.445281924853866,0.03446462388541072,9,8.801958725618597,5,17,False,False
logtau,2,3,20,17.807984226239572,-0.3530502185012496,8,69.96027485446503,0,17,False,False
logtau,2,3,21,30.250126542801727,2.709422697759001,12,3.022991563289956,8,17,False,False
logtau,2,3,22,50.21437660157038,-0.7384707011968694,3,13.669839311680487,4,17,False,False
logtau,2,3,23,553.1739851110249,1.9812476776916332,5,23.743163046840298,4,17,False,False
logtau,2,3,24,7.145466856429888,-1.0525953370049468,8,-10.404422881519338,14,17,False,True
logtau,2,3,25,126.22011693516522,1.9741213572654903,9,-17.707269712898466,17,17,False,True
logtau,2,3,26,36.67445916268115,-2.890922712887889,11,-4.257287346169658,9,17,False,False
logtau,2,3,27,52.62556489278816,1.657448465763789,9,19.60612618695683,4,17,False,False
logtau,2,3,28,80.03068525789791,5.032168116586866,10,10.744293837907847,6,17,False,False
logtau,2,3,29,44.48994867334987,0.26803161609891824,8,-8.603857442115059,14,17,False,True
logtau,2,3,30,41.04617259072746,-2.5604840278282026,9,24.82919396062051,3,17,False,False
logtau,2,3,31,24.1975911668156,1.0481921804325056,10,34.86576096076488,2,17,False,False
logtau,2,3,32,105.18482916427949,0.9352699935353703,6,15.168430320899207,3,17,False,False
logtau,2,4,1,63.24394514687208,1.0886680879103938,9,-19.054241885487887,14,17,False,True
logtau,2,4,2,17.913497383961094,1.6111124949119704,11,9.5755046763921,9,17,False,False
logtau,2,4,3,142.05141191440447,4.314554815105098,11,-31.859474301795576,13,17,False,False
logtau,2,4,4,26.096504882452333,1.6998355937595022,8,4.040860258996504,5,17,False,False
logtau,2,4,5,157.4354561091334,-0.32932507836970215,4,-30.46963882587538,17,17,False,True
logtau,2,4,6,187.18864516415525,-0.9378900356093345,5,-16.2847484433572,10,17,False,False
logtau,2,4,7,16.922935137916223,0.5789628537868685,9,16.35888252695381,3,17,False,False
logtau,2,4,8,36.59896583882917,0.003620478858423759,6,30.941639785085574,2,17,False,False
logtau,2,4,9,38.628003384070844,-2.177227547883498,7,0.6010381475547666,11,17,False,False
logtau,2,4,10,20.754570821089363,-2.507126571715945,7,10.085958358760227,6,17,False,False
logtau,2,4,11,23.83043983568082,-1.1933791332557786,9,39.69853867658213,3,17,False,False
logtau,2,4,12,73.05025086983943,-4.0902075728709075,11,4.887683078223981,6,17,False,False
logtau,2,4,13,4.6328221949757245,3.005100632435731,13,-13.08705936684953,14,17,False,True
logtau,2,4,14,68.12831550901119,3.2318919458512063,11,-1.706794494312358,7,17,False,False
logtau,2,4,15,141.44024997214083,-2.3503215051322024,5,-46.05878936671955,16,17,False,True
logtau,2,4,16,12.863630475439031,-0.5726001345065401,8,5.71214450122024,3,17,False,False
logtau,2,4,17,48.48795833078121,-0.42324859659568226,4,3.001195605688145,8,17,False,False
logtau,2,4,18,148.15336407789485,-5.039273957733082,8,-3.066223840730309,8,17,False,False
logtau,2,4,19,58.69368865259914,-1.0095471995270389,6,-21.053277239894562,16,17,False,True
logtau,2,4,20,15.64205672941316,2.504542440133095,9,8.059492283727177,3,17,False,False
logtau,2,4,21,20.70423706681455,-3.1378805451326097,10,-11.15720981988778,14,17,False,True
logtau,2,4,22,99.56415736881854,2.4464943159409724,15,-35.316656437355306,14,17,True,True
logtau,2,4,23,28.501523705873264,1.9074460486426137,11,-3.181679381567737,8,17,False,False
logtau,2,4,24,267.50148814059503,-1.3818370852258233,6,-11.896727652964534,10,17,False,False
logtau,2,4,25,153.22375435134566,5.757870477798388,12,-37.27460931589142,16,17,False,True
logtau,2,4,26,39.56052303960504,-0.6895375215085986,6,9.815406150304096,7,17,False,False
logtau,2,4,27,14.629221456631475,-0.9523921406554559,5,-7.08021110826047,13,17,False,False
logtau,2,4,28,51.711787375585665,1.5131823352199536,12,-8.988276867698207,11,17,False,False
logtau,2,4,29,26.463381057210626,2.693264067554413,12,-12.506535060194091,11,17,False,False
logtau,2,4,30,8.400601551169766,4.113164206377196,10,-12.874393034472998,13,17,False,False
logtau,2,4,31,13.51212688575378,2.1529072816488526,9,-5.556478270234388,9,17,False,False
logtau,2,4,32,28.42466902225292,-0.5938239979801474,8,31.52002916739405,2,17,False,False
logtau,3,1,1,73.09435749275816,1.4067000271822838,11,19.61192093347306,4,17,False,False
logtau,3,1,2,394.7198066849405,7.310066107773272,15,-42.94531656406054,17,17,True,True
logtau,3,1,3,213.1925714996006,-0.3867035226025828,4,-31.604379999342758,17,17,False,True
logtau,3,1,4,44.544655517790524,3.2108406110954446,15,-0.4079938707783559,10,17,True,False
logtau,3,1,5,57.09426837471771,4.090712377700356,14,-46.41225552365065,17,17,True,True
logtau,3,1,6,8.930716622722539,0.22000458347051222,5,-13.134192624959006,13,17,False,False
logtau,3,1,7,104.35109008477266,-0.6704874590745424,8,-1.931627005104608,8,17,False,False
logtau,3,1,8,11.012888210437142,-5.441278633250413,13,-4.875957351868454,10,17,False,False
logtau,3,1,9,398.4680768064476,-3.9997297838822,12,-51.91788197848746,17,17,False,True
logtau,3,1,10,22.767072769329737,-0.9680854309282338,9,-32.98491920042489,11,17,False,False
logtau,3,1,11,127.23808345043673,-4.253316463795698,14,-18.849441470093776,14,17,True,True
logtau,3,1,12,103.33374570354191,1.4157959816760046,11,28.67979553128228,0,17,False,False
logtau,3,1,13,74.61822852671088,1.5458767838144594,11,9.765156724410339,5,17,False,False
logtau,3,1,14,46.79246347209093,-3.136478867953274,14,-30.12094152483601,17,17,True,True
logtau,3,1,15,11.137592272108355,-3.451445855976898,12,-48.08716089936578,17,17,False,True
logtau,3,1,16,28.914105240935548,0.08971721215205175,8,15.639407778674075,6,17,False,False
logtau,3,1,17,175.94746912760112,1.2362816633497697,13,-21.18513894851992,16,17,False,True
logtau,3,1,18,183.8190293925661,1.850859574517738,14,-35.60501052821328,17,17,True,True
logtau,3,1,19,97.4313234345432,4.049839053856408,13,-9.486989667438072,12,17,False,False
logtau,3,1,20,27.396045185558467,-2.052333688773611,6,-18.482400726069802,14,17,False,True
logtau,3,1,21,67.48182156101271,4.013810305185106,14,-41.305836076782455,16,17,True,True
logtau,3,1,22,52.38114423732485,-3.7359107773779154,12,43.46213274209716,2,17,False,False
logtau,3,1,23,19.252938458905717,-0.9839427054532779,12,26.1563344265888,2,17,False,False
logtau,3,1,24,55.71354994638786,1.5861852989048852,5,-3.5700721986687167,14,17,False,True
logtau,3,1,25,44.86183623085431,-4.031605990601395,15,40.334364361483296,2,17,True,False
logtau,3,1,26,2284.126035753731,-1.2523172903985968,2,-55.67012791547721,16,17,False,True
logtau,3,1,27,49.847077815000276,-6.823929674381524,10,-43.692795770362345,17,17,False,True
logtau,3,1,28,110.69024392311994,5.598641129598936,14,-47.1290335752416,16,17,True,True
logtau,3,1,29,114.46775280426739,1.0333914166088087,12,-10.531950741959184,13,17,False,False
logtau,3,1,30,105.8498266747599,1.735948683660049,14,-29.083284437296207,14,17,True,True
logtau,3,1,31,13.166699212374445,7.833087642452163,10,142.60858941940663,0,17,False,False
logtau,3,1,32,183.6483642118746,-2.5573080824151218,7,-53.97237623659302,17,17,False,True
logtau,3,2,1,74.33639831522633,-3.18152324970008,11,33.44686621345272,0,17,False,False
logtau,3,2,2,18.48523942040491,4.053178019106873,11,150.4330050375488,0,17,False,False
logtau,3,2,3,78.13714730056033,0.8417152192684796,12,28.71004732818221,4,17,False,False
logtau,3,2,4,79.1605253864861,3.253654794561167,12,54.53934472812574,0,17,False,False
logtau,3,2,5,107.71097102140239,-3.398119297553648,13,-44.25706868968122,15,17,False,True
logtau,3,2,6,159.67802890447075,-4.554420971961138,13,11.584845515759245,9,17,False,False
logtau,3,2,7,32.8092255626543,4.529821306288184,16,-61.31303088163861,17,17,True,True
logtau,3,2,8,9.318163164177546,-6.022528206920008,11,4.661947794221888,7,17,False,False
logtau,3,2,9,160.45297593870424,-6.157553310508568,14,-24.02375217649203,15,17,True,True
logtau,3,2,10,41.615609341073814,2.969561931709208,12,89.28423793696724,1,17,False,False
logtau,3,2,11,16.795171411635785,5.223124193247597,17,47.25583805310129,1,17,True,False
logtau,3,2,12,68.12586578630902,0.500766144630127,11,15.244416331775067,2,17,False,False
logtau,3,2,13,19.76744467449758,7.4574428255203,13,43.92075170646248,3,17,False,False
logtau,3,2,14,50.9197673497559,2.3831909315765065,5,615.2681420968175,0,17,False,False
logtau,3,2,15,14.039009987602782,0.07126000888306727,10,84.74208021505778,0,17,False,False
logtau,3,2,16,44.21144950449598,-4.691061222890259,10,-19.236634050648625,13,17,False,False
logtau,3,2,17,26.986088854309404,2.8731714041688727,8,145.05643063097895,0,17,False,False
logtau,3,2,18,42.24192943691734,-3.379751557833277,12,77.90989066920946,0,17,False,False
logtau,3,2,19,94.05370681073536,-3.598209195450519,15,26.05827624339925,1,17,True,False
logtau,3,2,20,629.2125394478614,-3.674445412867655,6,-61.73482828281167,17,17,False,True
logtau,3,2,21,12.820195827330634,1.489980333258667,10,120.27766320096221,0,17,False,False
logtau,3,2,22,14.254007473154733,3.9646428988994398,11,61.425937132268935,2,17,False,False
logtau,3,2,23,163.53838665342437,-4.124196121538127,12,19.59920528007102,3,17,False,False
logtau,3,2,24,68.28942358568958,3.982511846729486,7,58.21879557452772,3,17,False,False
logtau,3,2,25,64.8269601420258,7.250317558387542,13,135.96653652839063,0,17,False,False
logtau,3,2,26,199.1527142159482,-0.07200158079541108,5,5.501374092257172,8,17,False,False
logtau,3,2,27,40.35861823774913,3.347422503677655,7,292.8592380054564,0,17,False,False
logtau,3,2,28,313.596200653708,-4.405077456818041,8,-34.58609094176077,17,17,False,True
logtau,3,2,29,72.66025073155257,2.64475588298394,6,67.4818313912097,0,17,False,False
logtau,3,2,30,16.77569122005885,-1.859201687262091,14,45.796496211430295,0,17,True,False
logtau,3,2,31,1227.0558392383734,-0.31597160506142696,4,-45.91234914437089,17,17,False,True
logtau,3,2,32,59.06677116968255,2.2510123136288973,4,75.37984324109426,0,17,False,False
logtau,3,3,1,150.71786050891706,-4.826631114194568,10,0.6981624263409314,11,17,False,False
logtau,3,3,2,92.41987079235855,4.810445734640623,16,-28.97895573117698,17,17,True,True
logtau,3,3,3,14.183793736247264,4.31899664311175,14,45.65620496692022,2,17,True,False
logtau,3,3,4,22.428188428461183,-4.594501240116122,13,14.009122203251433,4,17,False,False
logtau,3,3,5,272.5714448032929,-5.301009160434522,13,-17.416310888895293,17,17,False,True
logtau,3,3,6,626.5380906461075,1.7808793115555277,12,-70.28849508907453,17,17,False,True
logtau,3,3,7,5.310208869069274,0.6182795095428739,7,95.91537114608958,0,17,False,False
logtau,3,3,8,98.62498819307618,-2.585375850564331,13,9.589656033548334,7,17,False,False
logtau,3,3,9,99.40910235716281,0.5730024260153233,2,22.33456016962918,4,17,False,False
logtau,3,3,10,119.65009447975467,-4.985643658567662,10,-56.729189121433045,16,17,False,True
logtau,3,3,11,69.54401570151744,-3.0515583636590238,13,38.12612746041306,0,17,False,False
logtau,3,3,12,6.231348905227904,-6.160294567004431,11,22.181562528065,2,17,False,False
logtau,3,3,13,14.207675873222703,6.667692621311394,12,86.40427448498957,0,17,False,False
logtau,3,3,14,52.60401711664178,-11.773832535953188,13,-51.99569067811747,17,17,False,True
logtau,3,3,15,116.13926584490743,0.24357478821956935,10,-28.34189495189091,13,17,False,False
logtau,3,3,16,161.88809991393603,-1.6662362951355703,3,-66.0636104758187,17,17,False,True
logtau,3,3,17,14.426741276872255,-3.4139048861316246,14,97.9962641796724,0,17,True,False
logtau,3,3,18,411.15318445308895,0.939595093601775,13,-84.21738989635676,16,17,False,True
logtau,3,3,19,331.85193698612306,-2.0604666679661543,5,-78.71080047377467,17,17,False,True
logtau,3,3,20,42.60831005655606,-3.986337565796083,14,21.380968233001084,3,17,True,False
logtau,3,3,21,54.92415436885123,4.782260037488917,16,-29.156076270622787,16,17,True,True
logtau,3,3,22,120.29699896089674,-0.2630759393764559,10,28.313132372748996,4,17,False,False
logtau,3,3,23,5.342636245686153,-5.889491277822156,13,21.11156417702691,2,17,False,False
logtau,3,3,24,64.49348329881043,-7.766818262248765,13,31.415238518457823,3,17,False,False
logtau,3,3,25,91.62672951585601,-0.9153349766578445,8,-54.909216478346664,17,17,False,True
logtau,3,3,26,36.21408095554356,3.0475554544130423,7,175.88006506800008,0,17,False,False
logtau,3,3,27,112.93363450811198,-5.779649831699796,9,-58.254966577688016,16,17,False,True
logtau,3,3,28,29.008777091450238,3.471383561869379,15,53.088039728837266,0,17,True,False
logtau,3,3,29,3.619869650648249,-1.6681263208089492,14,29.39909814448882,1,17,True,False
logtau,3,3,30,11.184744437271387,5.934852069412733,16,31.597528974911615,4,17,True,False
logtau,3,3,31,6.273599969069443,5.61174122379835,14,-45.55125527351201,17,17,True,True
logtau,3,3,32,21.2843848928829,0.2764693183494815,2,168.19577102853157,0,17,False,False
logtau,3,4,1,141.17719142748714,-2.4276964814397006,9,-22.215518675936995,14,17,False,True
logtau,3,4,2,61.12573957769047,11.934261968093418,12,141.82115310104874,1,17,False,False
logtau,3,4,3,80.71861836227713,-2.421790535452506,15,28.023053607783012,6,17,True,False
logtau,3,4,4,92.3511736468827,0.9209490153692323,14,16.892520539726895,1,17,True,False
logtau,3,4,5,240.4427710490788,-0.06774405932503669,6,18.25677006077031,4,17,False,False
logtau,3,4,6,179.28672961733255,0.4854050836403223,11,-74.98277493034787,16,17,False,True
logtau,3,4,7,10.392309434261158,-6.513557599104569,11,-19.88968934121642,15,17,False,True
logtau,3,4,8,191.0819747321021,2.232866085444063,10,6.456563913328117,9,17,False,False
logtau,3,4,9,102.20539021002949,3.3477165982499058,15,-13.015243433775037,10,17,True,False
logtau,3,4,10,143.96234139139494,-1.621744516129664,6,-49.73309182502238,17,17,False,True
logtau,3,4,11,32.08579815643989,7.596028934047938,16,-14.819653290369716,11,17,True,False
logtau,3,4,12,3.0432369140060733,-3.2168474810718273,14,43.564258753494855,1,17,True,False
logtau,3,4,13,26.798595286785304,1.0898189770471411,8,56.89691254699891,0,17,False,False
logtau,3,4,14,182.19058983191093,-2.6625069652009614,8,-8.468065815849135,11,17,False,False
logtau,3,4,15,297.8419800575988,-2.7927257394640193,4,-71.41126119522107,17,17,False,True
logtau,3,4,16,56.91048409142448,6.6863917519877525,17,5.8530586021019015,5,17,True,False
logtau,3,4,17,16.1703926222631,2.891602286272743,9,68.24353881183538,1,17,False,False
logtau,3,4,18,476.31458170052974,-0.2882280629294631,4,-76.65956914964896,17,17,False,True
logtau,3,4,19,28.073745700194696,-0.10680439934628305,8,34.15629504182147,1,17,False,False
logtau,3,4,20,342.5103430837012,-3.0592959234916672,5,-57.63074603765688,16,17,False,True
logtau,3,4,21,2016.7661895090982,0.17449807857674582,11,-43.81908380675485,14,17,False,True
logtau,3,4,22,6.58382240417746,0.6275619666897825,12,-36.33429368343549,16,17,False,True
logtau,3,4,23,6.194585823025166,-2.9205515280391836,8,-7.496191052751977,11,17,False,False
logtau,3,4,24,606.0718443159838,6.1775999222630995,15,-46.21769663029338,17,17,True,True
logtau,3,4,25,8.244921242558982,0.02823800232942819,5,-7.138983509811436,13,17,False,False
logtau,3,4,26,155.93541667517792,-1.7874728734670886,5,-24.3006164031618,15,17,False,True
logtau,3,4,27,1.5859277315770823,-2.777785585898085,12,10.668906449719874,8,17,False,False
logtau,3,4,28,49.242099266426315,6.06940597172132,14,-26.786334641667906,15,17,True,True
logtau,3,4,29,153.2638832394665,2.4058704608087123,10,11.47898877622604,5,17,False,False
logtau,3,4,30,282.9801682841476,3.3655231791574813,14,-61.42587517247853,17,17,True,True
logtau,3,4,31,37.88388368064369,1.666114523795148,8,14.330599458752147,2,17,False,False
logtau,3,4,32,38.11557628441853,-11.056557356808494,12,-22.619080776110835,14,17,False,True
logtau,4,1,1,165.09298304170173,42.3787527728855,12,-33.052534751496495,7,17,False,False
logtau,4,1,2,80.74944382117985,-0.24840199586423362,6,83.39621245317362,1,17,False,False
logtau,4,1,3,219.85610456516304,43.42605148296581,14,-24.575136358558712,14,17,True,True
logtau,4,1,4,123.40199578341328,-6.509543964359277,10,-13.426463881393113,13,17,False,False
logtau,4,1,5,32.99741685879618,-13.549487808175453,9,30.500122664551267,3,17,False,False
logtau,4,1,6,123.32858192778097,16.299522523211827,14,-29.944759855075198,16,17,True,True
logtau,4,1,7,29.574803926488254,1.8623415915974606,8,-41.72720812922152,16,17,False,True
logtau,4,1,8,9328.973316241569,1.557021481218257,13,0.6978604857218684,6,17,False,False
logtau,4,1,9,108.95440585192887,50.837898176805865,15,-44.04454506102393,11,17,True,False
logtau,4,1,10,235.86007810420924,21.998253913160326,16,-34.79211414952874,15,17,True,True
logtau,4,1,11,612.3862793342444,42.37963699405658,12,-43.35781831800018,17,17,False,True
logtau,4,1,12,128.88123121386428,25.379398545051956,12,-34.49232112375077,17,17,False,True
logtau,4,1,13,1104.8298094774439,59.40770120160679,14,-80.27539018354636,17,17,True,True
logtau,4,1,14,703.9016881458467,1.7761951475099735,5,56.821757871604525,0,17,False,False
logtau,4,1,15,16.711128227265387,-7.03738386762176,11,-29.460703301773737,12,17,False,False
logtau,4,1,16,100.09683186116322,-14.22600231478144,11,31.751379518173415,3,17,False,False
logtau,4,1,17,293.3526801646123,2.862228589172555,9,43.03803037272045,2,17,False,False
logtau,4,1,18,150.19015456347208,44.197699153131694,13,-10.209780660211365,10,17,False,False
logtau,4,1,19,9928.12915560019,0.4183475777833401,7,0.5036910469150113,0,17,False,False
logtau,4,1,20,899.7864961435031,42.30553291781849,13,-57.862652141331935,17,17,False,True
logtau,4,1,21,5.650970730365106,-12.76146919921609,9,170.26237162460345,0,17,False,False
logtau,4,1,22,70.68854163891594,58.699816502076494,13,-48.87688597785916,15,17,False,True
logtau,4,1,23,83.62793255636014,-2.5360304025857094,8,-5.10133041882238,11,17,False,False
logtau,4,1,24,97.67397812874741,-43.97837314685833,14,51.73223945950583,5,17,True,False
logtau,4,1,25,823.9298115090184,54.216885640968385,14,-31.1632038093128,16,17,True,True
logtau,4,1,26,826.2289909172825,30.931275389447244,14,-22.192532235187777,10,17,True,False
logtau,4,1,27,428.2958910605527,53.57661398156572,16,-73.69324317141441,17,17,True,True
logtau,4,1,28,350.90909603257603,4.2052795918900765,9,83.27899469040543,0,17,False,False
logtau,4,1,29,17.7546080597878,-11.864002912860261,10,0.3204278162696639,8,17,False,False
logtau,4,1,30,418.8995462966629,41.226656899089356,13,-68.9088916844276,17,17,False,True
logtau,4,1,31,227.9860367074784,23.41745957414034,14,9.552503573549043,6,17,True,False
logtau,4,1,32,407.81092010271476,-10.372884433016294,8,-1.1148808267327337,8,17,False,False
logtau,4,2,1,28.019509744104628,-10.918132748257204,13,13.001898682633728,6,17,False,False
logtau,4,2,2,96.27506756795772,6.678598752857701,11,-20.71204040142167,13,17,False,False
logtau,4,2,3,64.56881721216355,11.892963957841985,14,15.606351428371013,6,17,True,False
logtau,4,2,4,229.26788142563845,48.430312718417646,15,-45.70014873293762,17,17,True,True
logtau,4,2,5,593.8283100340046,86.08536116762984,15,-73.02285409776202,17,17,True,True
logtau,4,2,6,6201.625013338128,1.4928944676863898,9,11.726960103466322,5,17,False,False
logtau,4,2,7,124.97591207674593,13.559776837478598,9,-13.220495412520695,9,17,False,False
logtau,4,2,8,873.9984799972859,22.541919473831328,16,-20.600337055627595,13,17,True,False
logtau,4,2,9,2562.4683176774342,44.08964460557772,16,-64.59533222211229,16,17,True,True
logtau,4,2,10,2.2344316724134075,-28.30013694720729,15,35.85749318842413,2,17,True,False
logtau,4,2,11,16.475549547776026,4.05233590429479,14,-58.086556273600884,17,17,True,True
logtau,4,2,12,4973.918508550147,12.858881678733258,12,-26.87741253723387,14,17,False,True
logtau,4,2,13,92.14518609734344,-39.06531440095918,15,109.44219183811992,0,17,True,False
logtau,4,2,14,29.987723160485004,48.80166115402482,13,-43.954090894254236,14,17,False,True
logtau,4,2,15,133.29168750044232,-29.524983450330044,14,14.670133250854533,8,17,True,False
logtau,4,2,16,106.30375953512456,78.01509885979918,16,-59.88401140585521,16,17,True,True
logtau,4,2,17,189.66741508009258,-10.835928346468137,12,124.09630239999613,0,17,False,False
logtau,4,2,18,2243.243052233372,26.7243647705673,13,-23.828443793993337,12,17,False,False
logtau,4,2,19,246.5509829298171,32.096019409342816,12,-7.0542046026728205,8,17,False,False
logtau,4,2,20,2855.323609702723,55.220922280060634,14,-65.598169948138,17,17,True,True
logtau,4,2,21,81.20604079307164,-9.039734900562967,9,37.34677163609739,3,17,False,False
logtau,4,2,22,33.19760246010093,-29.186145426635935,12,74.7502886398288,0,17,False,False
logtau,4,2,23,713.2893871773445,70.46176171950889,15,-56.00336672195234,15,17,True,True
logtau,4,2,24,120.00960420065469,-25.291781129639013,11,88.43537167701834,0,17,False,False
logtau,4,2,25,149.38216977576687,-21.781858600795843,14,27.690420200675337,6,17,True,False
logtau,4,2,26,346.47157185304667,58.06888861961139,13,-60.68789844135103,16,17,False,True
logtau,4,2,27,17.128340812928904,-17.28208316473602,12,-11.650423447543634,13,17,False,False
logtau,4,2,28,1884.0342217077255,3.853716018633535,11,-51.603065875639366,15,17,False,True
logtau,4,2,29,246.1168877643098,10.773063723130027,13,-18.559001580758093,14,17,False,True
logtau,4,2,30,93.6527261621832,28.9225156243049,13,-16.556021252266106,11,17,False,False
logtau,4,2,31,2982.8378173812125,22.51706043660764,14,-30.363409778830906,16,17,True,True
logtau,4,2,32,70.6998352410912,0.6398380785969104,8,42.46332577222909,0,17,False,False
logtau,4,3,1,445.8149859551025,0.2933504286510624,12,-27.62803919376435,15,17,False,True
logtau,4,3,2,45.42217520302278,5.4735920208781375,10,-61.07955970834584,17,17,False,True
logtau,4,3,3,263.9262353503948,8.317109787334687,10,-24.43923512669346,13,17,False,False
logtau,4,3,4,213.42279293224158,31.82966699569123,16,-47.96381314584174,16,17,True,True
logtau,4,3,5,16.454583643727567,-0.5441935959806132,11,-15.236024659583403,14,17,False,True
logtau,4,3,6,107.15286465560045,21.288049222227222,12,-16.21704229600196,10,17,False,False
logtau,4,3,7,854.528310950276,66.77383456268045,16,-61.34854630613964,17,17,True,True
logtau,4,3,8,57.152503040914084,-7.5467170990167975,12,-18.761406193642415,13,17,False,False
logtau,4,3,9,970.0529158027568,34.385142526363865,16,-50.76050595862556,16,17,True,True
logtau,4,3,10,39.26325248672719,-9.937871140068621,9,-25.33053884553197,12,17,False,False
logtau,4,3,11,100.20640926848876,37.87354695239045,14,-23.275039162304868,9,17,True,False
logtau,4,3,12,228.1732270572262,75.26273984895215,14,-66.30470952901737,16,17,True,True
logtau,4,3,13,80.80092707093534,6.290566308971046,10,-15.302903468617412,12,17,False,False
logtau,4,3,14,283.12825574840934,59.39038033695918,13,-61.50249191533569,17,17,False,True
logtau,4,3,15,963.0874081426456,21.598386482225873,13,-30.55365901494622,16,17,False,True
logtau,4,3,16,368.0081276779835,2.8987777186198604,8,-58.753490577156,15,17,False,True
logtau,4,3,17,445.8788684793558,52.57433985026807,14,-77.01579047197811,17,17,True,True
logtau,4,3,18,900.8318366486824,-3.104763305416003,10,10.818223054319919,7,17,False,False
logtau,4,3,19,105.07903715572418,4.784096753534195,11,13.51700565996401,7,17,False,False
logtau,4,3,20,171.55019358238022,7.804805756051558,13,2.0523257786715376,8,17,False,False
logtau,4,3,21,792.7057093708937,51.54499225733837,16,-50.60897485997942,13,17,True,False
logtau,4,3,22,52.64983836923719,21.73403517029051,13,-8.204619950363124,10,17,False,False
logtau,4,3,23,97.03320062448722,85.5035692035959,12,-53.67885748301927,15,17,False,True
logtau,4,3,24,950.6166337380649,-16.08605667135369,11,1.6116017903088808,7,17,False,False
logtau,4,3,25,577.08497489581,85.70470554348681,16,-69.82015421764613,17,17,True,True
logtau,4,3,26,440.62094916180337,-0.0830824125651386,8,-56.93630852075735,17,17,False,True
logtau,4,3,27,85.41193378173979,45.51988825246032,14,-35.661901299782286,14,17,True,True
logtau,4,3,28,9.151588256957423,-13.562754692554059,14,29.157127102895465,1,17,True,False
logtau,4,3,29,18.406602789717546,-14.079418407955835,13,-26.202791229488366,15,17,False,True
logtau,4,3,30,11.201578144470025,8.403605636081558,11,-41.384555637114005,15,17,False,True
logtau,4,3,31,63.80840329703466,-12.274784591993114,10,6.34060839516839,8,17,False,False
logtau,4,3,32,31.027661744541888,1.5103942013886762,10,-46.13903527560134,15,17,False,True
logtau,4,4,1,0.6417004837765423,10.143897606325014,14,-5.1166775551550465,9,17,True,False
logtau,4,4,2,596.2099341834868,26.971429672886483,14,73.44313324767732,2,17,True,False
logtau,4,4,3,294.28548031305587,44.076410426781344,16,-14.854649087871874,9,17,True,False
logtau,4,4,4,6.641561745402861,25.896731618521063,12,-20.701946836172567,12,17,False,False
logtau,4,4,5,345.9238326178652,15.313448195951818,14,-20.285663632523786,9,17,True,False
logtau,4,4,6,139.44478131549948,-3.049846699328229,10,-0.7704757343014457,10,17,False,False
logtau,4,4,7,122.69824159865819,-14.00790169838465,10,-24.405256915097528,13,17,False,False
logtau,4,4,8,506.8436837254763,10.889987226570085,14,55.02845491514057,0,17,True,False
logtau,4,4,9,113.95524613402378,10.1763181936116,12,-46.464436995243894,17,17,False,True
logtau,4,4,10,290.1449480574253,-2.432418260884317,7,-15.640605505873328,13,17,False,False
logtau,4,4,11,86.56708159052712,4.854484257602376,10,-58.382571498585165,17,17,False,True
logtau,4,4,12,601.1619171806443,-0.04544748836767809,8,96.19814478867727,0,17,False,False
logtau,4,4,13,41.43920118822051,-12.45997433597319,15,-53.36221477013054,17,17,True,True
logtau,4,4,14,7.317138221904254,49.30348363199264,15,-20.793977868213855,11,17,True,False
logtau,4,4,15,1.4975198940468286,-0.2391492731625089,11,-43.86090560496078,17,17,False,True
logtau,4,4,16,154.15166748604744,6.460536246015303,12,37.84261699164573,3,17,False,False
logtau,4,4,17,56.62767754828462,12.317790573730282,13,-12.445122514118234,9,17,False,False
logtau,4,4,18,187.0708135092954,11.821907933238363,11,-18.59061616838853,12,17,False,False
logtau,4,4,19,179.4108860848333,-2.8733649881031664,10,-6.582883675660001,12,17,False,False
logtau,4,4,20,148.84361436701695,10.53849129249067,11,1.69802164503714,7,17,False,False
logtau,4,4,21,0.49176817619020624,-3.0904060343920015,10,-21.797613355012878,17,17,False,True
logtau,4,4,22,153.491141814546,20.211760525305134,14,3.6127326590465803,7,17,True,False
logtau,4,4,23,26.964763975481425,-21.766739532995384,12,-33.081273831233126,13,17,False,False
logtau,4,4,24,501.8431040038044,23.047236509755752,12,-34.044518291656665,15,17,False,True
logtau,4,4,25,31.829899966472745,-4.217078969488819,11,26.04836541505331,3,17,False,False
logtau,4,4,26,6966.332939225997,-10.311197502924617,14,-1.6868394731946124,6,17,True,False
logtau,4,4,27,21.413904797138215,8.243816627504795,12,3.9203764041162215,9,17,False,False
logtau,4,4,28,112.19037675471291,0.9390211519096248,9,-20.10014685083852,15,17,False,True
logtau,4,4,29,376.4747099941462,-13.840314450341829,9,51.93988670340346,1,17,False,False
logtau,4,4,30,68.88561923002123,10.61972204099857,11,-62.53989161801701,17,17,False,True
logtau,4,4,31,30.28821302394093,4.065658361515734,11,-50.788293205067205,16,17,False,True
logtau,4,4,32,225.97302364714324,9.786589284354918,14,-23.462620386642563,15,17,True,True
logtau,5,1,1,1565.9691812353003,43.24828298320409,17,-39.29042377997136,12,17,True,False
logtau,5,1,2,254.2272955567697,35.21283644483888,14,-14.100569447526523,13,17,True,False
logtau,5,1,3,303.77985164921944,9.663152151489784,7,-15.91166616044022,12,17,False,False
logtau,5,1,4,162.3877144271626,80.98977538123489,15,-48.104684864047,15,17,True,True
logtau,5,1,5,607.3134974374973,43.13598442820279,14,-36.98109224723749,12,17,True,False
logtau,5,1,6,736.5347164186785,6.036667633778259,12,-5.298460507261538,9,17,False,False
logtau,5,1,7,481.7241128682962,38.06904524847259,8,-34.23573205699545,14,17,False,True
logtau,5,1,8,4812.253419291954,-7.33813084084094,14,11.308876626376897,5,17,True,False
logtau,5,1,9,24.757636531329414,13.652442084523608,12,-6.808558116340602,6,17,False,False
logtau,5,1,10,1.7271965489912355,7.136780989481517,10,-2.683915637609091,8,17,False,False
logtau,5,1,11,188.28255183345124,34.38184576302277,14,-37.46151639936828,17,17,True,True
logtau,5,1,12,18.711523565065438,38.424392844836454,14,-6.607342159616625,5,17,True,False
logtau,5,1,13,65.76251019163401,34.1697688818839,14,-15.641971685288203,11,17,True,False
logtau,5,1,14,118.2418758036056,47.63293009079237,13,-52.27169341122848,17,17,False,True
logtau,5,1,15,434.7457354595506,-13.009654683149419,10,22.86321087599308,6,17,False,False
logtau,5,1,16,276.9755691539927,-5.174137465958728,8,15.977624323737128,6,17,False,False
logtau,5,1,17,120.06476074226404,39.4459870188987,14,-5.902718125760186,9,17,True,False
logtau,5,1,18,115.46507642603997,78.12765434929476,17,-44.38351283012752,12,17,True,False
logtau,5,1,19,170.2012531233566,26.74940991954027,17,-25.28378568174737,12,17,True,False
logtau,5,1,20,23.83015202434151,44.57132998274205,17,-21.70149247637958,8,17,True,False
logtau,5,1,21,127.86338475632664,30.77115613454968,11,-16.729805429484124,10,17,False,False
logtau,5,1,22,167.72320880457494,81.30475825783759,17,-52.31438330927573,13,17,True,False
logtau,5,1,23,688.4463805404275,-17.536323397478892,13,24.717961644721996,2,17,False,False
logtau,5,1,24,84.21838962370697,35.3229443270793,15,-17.189753474224922,10,17,True,False
logtau,5,1,25,369.59077992517234,65.3462459578493,15,-48.51651644634403,17,17,True,True
logtau,5,1,26,14.412986874309583,27.535765197969454,15,2.288688231517999,9,17,True,False
logtau,5,1,27,3.927644079114812,-17.078451077930602,9,18.149839608744855,8,17,False,False
logtau,5,1,28,2.44810564392875,-13.546109217474267,11,4.639960598156367,8,17,False,False
logtau,5,1,29,0.7185287504353152,15.062764552527996,13,-3.3199500244606273,7,17,False,False
logtau,5,1,30,431.26377016227195,-8.971354832747169,10,-2.380722349117659,9,17,False,False
logtau,5,1,31,137.93096953762245,0.5589547983123611,9,5.983362110033141,5,17,False,False
logtau,5,1,32,15.683686772129187,-5.299753322694167,8,95.75097750638375,4,17,False,False
logtau,5,2,1,596.5307811209204,4.644668962254173,11,9.395602110078016,5,17,False,False
logtau,5,2,2,177.2774156154272,-21.624048986499712,9,45.69679643976852,5,17,False,False
logtau,5,2,3,607.6466577810008,2.298052836485187,13,12.811925015811054,5,17,False,False
logtau,5,2,4,180.4215994044827,-13.00938456354207,9,11.125473327751267,5,17,False,False
logtau,5,2,5,9320.803123954978,6.480601530615093,15,-23.590519471021544,6,17,True,False
logtau,5,2,6,2489.6767268089197,37.63372956173521,16,-37.15699214667123,8,17,True,False
logtau,5,2,7,61.05304857549531,-50.85751400534615,13,103.32874488063001,1,17,False,False
logtau,5,2,8,9227.667638477682,5.548477405334462,15,-31.05988890860396,6,17,True,False
logtau,5,2,9,376.1037015096043,-21.64678398458938,11,-17.899810082383503,12,17,False,False
logtau,5,2,10,51.48332457253113,-7.088095961361496,8,16.220914767213856,5,17,False,False
logtau,5,2,11,3699.1413717508,28.69687228446358,13,-30.910018977178822,8,17,False,False
logtau,5,2,12,0.7561457357460666,5.100552702253025,6,-0.08132433815472018,12,17,False,False
logtau,5,2,13,1693.5030832338216,22.959416513449902,15,-25.814047668469755,8,17,True,False
logtau,5,2,14,389.81577774017234,-13.690197437035401,8,7.748444461674953,4,17,False,False
logtau,5,2,15,317.0367447060176,6.140094208851532,9,-7.610930687521911,11,17,False,False
logtau,5,2,16,65.41330306517052,14.662188849703384,8,23.284035978301155,2,17,False,False
logtau,5,2,17,178.26025579321785,9.13633698186247,13,-3.869066453917147,6,17,False,False
logtau,5,2,18,7730.985411396509,14.913576889262892,15,-27.970165908298462,8,17,True,False
logtau,5,2,19,61.26001317549948,116.47515622858839,15,-60.54377517801712,9,17,True,False
logtau,5,2,20,584.6593825500604,14.370101223979548,13,-5.614432080898735,9,17,False,False
logtau,5,2,21,652.22877887419,39.055779143038464,16,-20.282868317577584,8,17,True,False
logtau,5,2,22,40.18741711618135,-21.503734598288705,13,51.58669430231511,1,17,False,False
logtau,5,2,23,1670.2497666631268,72.81934485175637,17,-43.2042228029964,9,17,True,False
logtau,5,2,24,28.656738010176905,76.6172018681478,15,-40.808194157916,11,17,True,False
logtau,5,2,25,1039.2260940511512,41.4035273608838,14,-25.320249151886188,11,17,True,False
logtau,5,2,26,6530.019301219959,27.51318971918131,17,-52.06214405129006,10,17,True,False
logtau,5,2,27,1547.6455967229333,21.53775262937856,14,2.9388940249801987,7,17,True,False
logtau,5,2,28,318.1878847496755,-35.86234660952755,10,43.415505913217814,4,17,False,False
logtau,5,2,29,0.7507967603730228,-0.6322748338786988,8,11.918222860146056,8,17,False,False
logtau,5,2,30,378.1934181446834,-7.766737564138937,13,17.032980119764773,4,17,False,False
logtau,5,2,31,5296.227091638186,34.237047843329925,15,-54.901755655696505,10,17,True,False
logtau,5,2,32,437.14640113067753,27.92192705678731,14,-8.503940578043668,7,17,True,False
logtau,5,3,1,621.7329683227119,25.590417155524502,15,-30.048113837297542,7,17,True,False
logtau,5,3,2,518.5747003533726,-5.106846475940008,8,-22.01823497446105,6,17,False,False
logtau,5,3,3,191.41164480485463,16.592473156925426,14,13.075549328953805,5,17,True,False
logtau,5,3,4,3930.422778986525,35.7509000970107,14,-81.80894224976636,8,17,True,False
logtau,5,3,5,194.40086651899318,28.447829408582948,16,-17.502025026094216,10,17,True,False
logtau,5,3,6,0.42955648682118086,40.92201496426809,15,-36.178621341096196,15,17,True,True
logtau,5,3,7,9994.950667808647,0.19461502500643935,12,-57.29028906533984,6,17,False,False
logtau,5,3,8,9995.878016984072,0.06766753919091872,6,-49.06186712996099,5,17,False,False
logtau,5,3,9,8942.317992192777,6.562688863670418,12,-53.63687370392141,8,17,False,False
logtau,5,3,10,28.172648129365967,-25.441112157942637,11,81.71469778218648,2,17,False,False
logtau,5,3,11,0.24959454849785173,-5.300287015152971,11,-5.8595258262632015,10,17,False,False
logtau,5,3,12,5471.741383175695,31.54989023374355,14,-78.47463755624547,8,17,True,False
logtau,5,3,13,70.19178662292136,171.50062607452475,17,-69.16049700721894,11,17,True,False
logtau,5,3,14,9592.697430183975,1.9571826270960546,11,-47.666942718459836,6,17,False,False
logtau,5,3,15,5041.751145500064,20.56710622333957,12,-68.24838518621694,6,17,False,False
logtau,5,3,16,267.7290597456148,176.57616501350532,16,-79.62952538822464,17,17,True,True
logtau,5,3,17,0.9981485312328625,8.829367980340086,16,15.827271339296999,6,17,True,False
logtau,5,3,18,0.9312223951322564,-10.746644677963502,8,35.563242402035215,3,17,False,False
logtau,5,3,19,1618.8134569331712,57.39253387168901,12,-43.53845420898242,12,17,False,False
logtau,5,3,20,9853.344772610739,3.072363697178271,15,-57.031989753834345,7,17,True,False
logtau,5,3,21,9.96715648267917,-14.811956172293383,13,18.05608060301789,7,17,False,False
logtau,5,3,22,24.904750545317235,47.31450953356769,17,-24.609642217575633,9,17,True,False
logtau,5,3,23,8351.873814430006,12.189889808501864,17,-73.8590345939375,13,17,True,False
logtau,5,3,24,576.3074198060975,147.40223548788944,17,-72.59042688567384,13,17,True,False
logtau,5,3,25,105.02978469439441,55.426149635108565,15,-42.07256826002761,7,17,True,False
logtau,5,3,26,0.20217465327670903,-6.5466348537066015,17,-2.458629637159937,11,17,True,False
logtau,5,3,27,7079.658388748257,12.739269039110312,14,-59.3130636585382,8,17,True,False
logtau,5,3,28,84.85150667048187,43.77881208152148,14,-21.40811676355344,7,17,True,False
logtau,5,3,29,8282.617222502211,11.566057241782035,14,-75.62745048342995,8,17,True,False
logtau,5,3,30,9367.195674272927,5.32644523961936,17,-63.164338459189054,10,17,True,False
logtau,5,3,31,128.29433034631623,58.5033019389638,16,-43.50599572886047,12,17,True,False
logtau,5,3,32,7733.0992866185925,6.528967641035188,14,-65.26578587162396,6,17,True,False
logtau,5,4,1,0.6843330486601444,-6.145124686287884,13,-10.792863296608314,12,17,False,False
logtau,5,4,2,168.2110016076527,33.81301052289925,17,-39.37363118123104,10,17,True,False
logtau,5,4,3,11.962487394569479,28.7840840436141,12,-19.580491600223702,10,17,False,False
logtau,5,4,4,44.86745181393311,33.132486671175855,12,-10.371516721537732,7,17,False,False
logtau,5,4,5,4679.704901955995,14.839879621605201,10,-24.560514504635744,8,17,False,False
logtau,5,4,6,486.3591837230955,3.7083647684826637,10,-14.481338011615385,10,17,False,False
logtau,5,4,7,0.2839114293173845,-8.497617731182538,9,-8.937883287974003,14,17,False,True
logtau,5,4,8,89.40349641560132,-22.14057652601067,17,25.495526604441608,6,17,True,False
logtau,5,4,9,13.562011226339314,6.476874136636135,7,31.60958529280191,1,17,False,False
logtau,5,4,10,17.197059809641615,4.538173801358081,10,-2.3010709005760854,6,17,False,False
logtau,5,4,11,5.613222598879571,-7.978383166017866,10,150.82625557715002,4,17,False,False
logtau,5,4,12,3250.092014265688,5.241543456376441,7,-10.900579803201715,8,17,False,False
logtau,5,4,13,1527.9955363870895,71.41337888043012,16,-44.36401454765805,11,17,True,False
logtau,5,4,14,52.25489895132498,-5.084334567930293,13,-8.970650525581958,10,17,False,False
logtau,5,4,15,127.37653363960501,39.3431091450227,14,-25.822564116190506,9,17,True,False
logtau,5,4,16,662.8735393218353,-1.8030678603805472,12,5.131835534672402,7,17,False,False
logtau,5,4,17,764.507244481153,5.09265288036882,11,-35.139778188604474,15,17,False,True
logtau,5,4,18,0.5168148068897529,-2.006952873484358,10,-1.3751658818611956,13,17,False,False
logtau,5,4,19,0.5519502159403941,10.987378753514765,12,-20.182763215006403,16,17,False,True
logtau,5,4,20,211.26865235122133,13.681636895435624,12,-23.21500728559176,12,17,False,False
logtau,5,4,21,88.48520973434495,-13.5659769360433,15,-23.40925805326718,14,17,True,True
logtau,5,4,22,2790.8479099115234,42.482635022244764,13,-38.69179433926728,15,17,False,True
logtau,5,4,23,0.5567570169235782,-20.775418200552686,16,8.145685010383863,7,17,True,False
logtau,5,4,24,146.26796254503478,13.170436564539244,17,11.514030114957642,5,17,True,False
logtau,5,4,25,2719.677344885026,19.34450024026244,11,-48.7830400634609,14,17,False,True
logtau,5,4,26,441.0127458752734,12.024475541439926,10,-21.721125753293613,10,17,False,False
logtau,5,4,27,231.25564885732325,13.468598435753453,9,10.11011135523956,2,17,False,False
logtau,5,4,28,2402.075336770996,28.725451938461276,11,-22.268916602721088,10,17,False,False
logtau,5,4,29,3722.63632425948,17.66097701199527,10,-30.764954591156467,8,17,False,False
logtau,5,4,30,184.85193754418682,13.605333579021451,14,-11.264730713107774,7,17,True,False
logtau,5,4,31,1.7163000399903072,27.004508840798035,16,-20.94910430029342,9,17,True,False
logtau,5,4,32,350.1701308932174,76.24302137462537,16,-44.870109632844226,12,17,True,False
logtau,6,1,1,54.485601861747355,48.28992424377094,17,-15.230529148449257,7,17,True,False
logtau,6,1,2,1.6464268412934457,-2.5708068592372957,11,-7.2849697639116195,9,17,False,False
logtau,6,1,3,1472.0303854785416,19.412664178723226,13,-36.37285276951269,12,17,False,False
logtau,6,1,4,6.208668794173862,-3.4906724207004802,11,5.60418252975412,6,17,False,False
logtau,6,1,5,401.3594624814035,27.270649118035763,13,-24.119983778215015,13,17,False,False
logtau,6,1,6,305.26135745072054,20.567892218107954,8,-1.5212577601720012,7,17,False,False
logtau,6,1,7,27.652562771383728,33.012436135191535,14,-24.875793642138422,12,17,True,False
logtau,6,1,8,480.08384383267133,43.239549260182855,16,-39.24480730577646,16,17,True,True
logtau,6,1,9,0.25813750497686183,1.839691367416374,12,0.2035425882766173,7,17,False,False
logtau,6,1,10,113.35389435928664,-15.087357579959582,10,-1.9204367924908317,12,17,False,False
logtau,6,1,11,16.746945388499267,-5.000464753639955,12,-19.139880435316712,14,17,False,True
logtau,6,1,12,5.178398758426892,-0.5613646676984385,10,-16.010962675578845,13,17,False,False
logtau,6,1,13,2.259815835669702,-10.259213269067857,14,22.473927494705137,8,17,True,False
logtau,6,1,14,1443.0868176062818,33.57652986441306,14,-3.026129772339725,9,17,True,False
logtau,6,1,15,43.29833061822766,-11.5896241409292,14,15.98646275352551,6,17,True,False
logtau,6,1,16,26.37482980212242,-1.9542807155800146,10,-9.661276147481468,12,17,False,False
logtau,6,1,17,0.25266933950005743,2.159720986446101,10,-5.990549639255594,14,17,False,True
logtau,6,1,18,0.81553786058284,17.48161078998813,16,-17.71054356749512,14,17,True,True
logtau,6,1,19,0.1764369256839291,1.2555970253193438,10,0.5590128064569599,10,17,False,False
logtau,6,1,20,2881.2323059612695,-8.40280350578244,11,-18.035493397874845,9,17,False,False
logtau,6,1,21,0.3437987041911439,0.7631310459093932,7,-4.354389628646493,13,17,False,False
logtau,6,1,22,81.19077343581125,75.89255337061284,16,-21.890303778462638,8,17,True,False
logtau,6,1,23,50.92706383680808,85.40154328969038,17,-21.515235495056483,9,17,True,False
logtau,6,1,24,0.3294279590346146,23.150972121545177,15,-19.665373554194865,14,17,True,True
logtau,6,1,25,1.6538384670606705,26.319226351405334,17,-14.183837778500086,8,17,True,False
logtau,6,1,26,0.30701260901635213,13.124156637534433,17,-15.321889525298937,16,17,True,True
logtau,6,1,27,6215.643799021084,21.64362138515137,13,-1.0019701047692564,9,17,False,False
logtau,6,1,28,0.23572746084117777,10.375924665728874,15,-4.126936741264087,12,17,True,False
logtau,6,1,29,0.14107056776349935,9.584588406281046,17,-4.532987937285338,12,17,True,False
logtau,6,1,30,0.3485078825983692,6.010966097464143,12,-2.7687705583309685,7,17,False,False
logtau,6,1,31,279.21704402131076,26.39724153209424,12,-4.707669343674603,8,17,False,False
logtau,6,1,32,18.432555139127036,10.246303012867862,11,12.75702652817392,3,17,False,False
logtau,6,2,1,9865.328199647243,0.2631474275523349,3,-8.31196667174645,5,17,False,False
logtau,6,2,2,0.2988322799915186,11.21465537334403,17,-2.220247337375314,5,17,True,False
logtau,6,2,3,1.9624808757826124,77.17922708510187,16,-26.659517228351383,11,17,True,False
logtau,6,2,4,1.9689148949309234,8.848475002548529,12,-24.355537919770477,17,17,False,True
logtau,6,2,5,0.31631716219829686,13.77009779403049,17,-4.403690017025797,7,17,True,False
logtau,6,2,6,0.6133372291605219,17.5733926980995,16,-8.734725555886236,9,17,True,False
logtau,6,2,7,1598.127312881705,-1.552119173856803,8,-12.941162219546499,5,17,False,False
logtau,6,2,8,1934.3583476277327,9.689832751212869,15,6.142749109233625,6,17,True,False
logtau,6,2,9,6465.160337072541,6.327470791398793,11,-21.6871908505485,6,17,False,False
logtau,6,2,10,500.126916715331,6.717661439717726,11,-0.33230409750504286,3,17,False,False
logtau,6,2,11,4717.159312389133,-3.305718570641669,11,-13.122819899693393,2,17,False,False
logtau,6,2,12,1.7217008034417214,8.138833591002737,13,17.76814589032014,3,17,False,False
logtau,6,2,13,675.5797572683964,19.58586524893753,15,15.362949220997347,6,17,True,False
logtau,6,2,14,5529.948423712718,10.614252868656603,8,-39.25219461898488,6,17,False,False
logtau,6,2,15,126.50710454372661,37.80440756924377,14,-23.15296411180605,13,17,True,False
logtau,6,2,16,1.6818796904871682,10.705427126251799,11,-6.076647993280093,11,17,False,False
logtau,6,2,17,1.2982824583705612,28.542769081358244,17,-7.649116286773905,6,17,True,False
logtau,6,2,18,9930.369496049845,-0.44803487099029926,3,0.8031755971810384,0,17,False,False
logtau,6,2,19,11.214006887003102,83.0516925398208,17,-39.782268720455114,11,17,True,False
logtau,6,2,20,35.64872765667047,160.8210720691423,17,-60.72832680428948,12,17,True,False
logtau,6,2,21,0.4781164215865405,33.33965505318237,17,-11.131285564310945,8,17,True,False
logtau,6,2,22,26.57969887523276,48.73358895026738,16,-41.94449565336954,16,17,True,True
logtau,6,2,23,16.925007009914932,2.883772525178685,9,-21.933297151645014,14,17,False,True
logtau,6,2,24,361.3484348749721,81.69894923907128,16,-48.49258242206218,12,17,True,False
logtau,6,2,25,216.13881740826722,15.743585658561532,11,12.220739041346175,5,17,False,False
logtau,6,2,26,17.795333417384906,15.117035868647989,13,-30.92923917086743,14,17,False,True
logtau,6,2,27,87.02200352315982,-8.17526799055307,6,25.967460105865413,2,17,False,False
logtau,6,2,28,106.98798840731756,-1.7893199216058697,8,-20.84923293039742,14,17,False,True
logtau,6,2,29,43.4806241578698,2.975547021825564,8,2.602774387929263,9,17,False,False
logtau,6,2,30,101.81310410009075,40.15669123490775,13,-32.08375412658724,15,17,False,True
logtau,6,2,31,0.3993260641770507,8.92935988008292,14,1.292106592993414,8,17,True,False
logtau,6,2,32,1.2356813385452468,8.80309920123934,13,-7.34745298910916,8,17,False,False
logtau,6,3,1,1102.72231618398,25.6947053996303,16,-29.365311002067752,14,17,True,True
logtau,6,3,2,0.6665189929148622,-10.02479649002912,15,-1.5072331752799317,8,17,True,False
logtau,6,3,3,0.3065988609661339,-3.312297960065713,14,-5.5475612916702115,9,17,True,False
logtau,6,3,4,0.24893955276220697,2.3740949284118296,8,-3.5909523290452383,11,17,False,False
logtau,6,3,5,7.845806350112628,35.130977349943194,14,-6.557493824182381,9,17,True,False
logtau,6,3,6,8120.421301656765,10.638375622334806,13,-14.8415731861404,10,17,False,False
logtau,6,3,7,0.2063904398642105,-2.894800999819813,16,-1.194408786967227,13,17,True,False
logtau,6,3,8,34.89433197701057,41.61966685327527,11,17.931999668066577,4,17,False,False
logtau,6,3,9,0.25903439645119336,0.3477144704708168,5,-8.31195408804286,13,17,False,False
logtau,6,3,10,0.41281264801706896,5.9859944529546905,12,-14.340154731179243,16,17,False,True
logtau,6,3,11,2.664510808234765,-22.45449049737862,10,3.656891670624862,6,17,False,False
logtau,6,3,12,7168.821538882344,-3.1429574046317743,8,-22.42870024069178,6,17,False,False
logtau,6,3,13,0.26940246406780083,-7.147798433148688,13,-1.03625861155201,11,17,False,False
logtau,6,3,14,23.44681241500981,4.44749909715727,11,11.844192037815816,3,17,False,False
logtau,6,3,15,104.45970461040582,38.92532979900463,15,-40.68655405726811,12,17,True,False
logtau,6,3,16,1820.0105280772275,-0.9074218288493419,9,-47.81696592245748,17,17,False,True
logtau,6,3,17,2.0448583218690786,-14.58580377650046,8,-5.739459423626658,8,17,False,False
logtau,6,3,18,0.3467597818768067,10.456349977851476,16,-12.654235733253028,10,17,True,False
logtau,6,3,19,79.24722703019812,61.80948846248053,17,-49.17330032704271,12,17,True,False
logtau,6,3,20,939.304094114894,0.3237750047140997,7,-17.99533376328075,13,17,False,False
logtau,6,3,21,1.466582540851881,-7.566878084264306,16,10.474343941337194,2,17,True,False
logtau,6,3,22,2391.860136126866,32.56638820005722,13,-34.50629100475039,13,17,False,False
logtau,6,3,23,121.42520984500979,15.138007281063693,8,20.191378436955464,3,17,False,False
logtau,6,3,24,0.26602829479840684,-13.908363892099572,16,11.503800337413805,5,17,True,False
logtau,6,3,25,0.268289225598068,3.755763133992085,10,-4.448260880266963,10,17,False,False
logtau,6,3,26,2.3073339318342194,-4.802793159476271,9,-16.61133016234153,10,17,False,False
logtau,6,3,27,0.5549421782856178,10.029026424763865,14,-9.24544751721914,11,17,True,False
logtau,6,3,28,263.54761988883934,9.296217240583138,12,-27.56588613490446,10,17,False,False
logtau,6,3,29,55.84105394906913,-14.380140550941867,15,-8.684042758772136,12,17,True,False
logtau,6,3,30,0.8123410622764217,-14.48042545586744,10,-11.333830967262514,7,17,False,False
logtau,6,3,31,9033.356931610822,0.03901876508711766,4,-21.197154286564857,6,17,False,False
logtau,6,3,32,2304.235661059472,33.14862616113261,15,-72.6785747676211,16,17,True,True
logtau,6,4,1,0.2123771201935852,0.3977926160803724,10,-4.41440484265514,12,17,False,False
logtau,6,4,2,28.815684445144075,6.562308152858676,5,-6.803156966727064,10,17,False,False
logtau,6,4,3,3428.847292554763,16.728897452071358,13,-16.68241695330397,15,17,False,True
logtau,6,4,4,594.6108976024011,34.132011482915715,16,-10.033913172912323,7,17,True,False
logtau,6,4,5,0.4612692421059615,-4.795382385744118,10,15.681624150663476,2,17,False,False
logtau,6,4,6,0.42908781954033637,-1.8878782899063862,13,8.853673858170907,6,17,False,False
logtau,6,4,7,5.115492565718107,15.851595823913978,12,7.9324372819451705,5,17,False,False
logtau,6,4,8,5824.76087602144,10.410364512631887,13,-30.272573363509082,14,17,False,True
logtau,6,4,9,0.30260852211457967,4.625111632320333,15,-6.420313403025501,14,17,True,True
logtau,6,4,10,0.3014836624652221,1.3022449963914662,10,-3.1487260324643995,7,17,False,False
logtau,6,4,11,0.29333726056088094,3.609133428974154,14,-4.682579677104193,9,17,True,False
logtau,6,4,12,266.8681290906871,78.7723388783006,13,-51.78492953841567,16,17,False,True
logtau,6,4,13,9060.086404260417,0.2320278677490517,4,-4.543679673222279,3,17,False,False
logtau,6,4,14,0.42795483046967325,14.484687580887545,17,-13.296831182106029,14,17,True,True
logtau,6,4,15,183.32351024517013,65.72980314505794,17,-0.955378369864468,7,17,True,False
logtau,6,4,16,1.6336125860259296,2.2944786545403106,12,17.74738828752891,2,17,False,False
logtau,6,4,17,72.97786063798432,23.440104058045907,15,-12.231131620162339,13,17,True,False
logtau,6,4,18,3935.3649041891285,16.777727921416098,13,-32.50984718134664,9,17,False,False
logtau,6,4,19,0.31368504663563535,4.611168833191059,15,-9.355124258085457,13,17,True,False
logtau,6,4,20,4740.052559783425,12.078330937711135,11,-25.962454155739977,12,17,False,False
logtau,6,4,21,1559.3113646995062,29.084399509262692,16,-16.036991056305283,8,17,True,False
logtau,6,4,22,3777.3796612012534,19.022888583487997,16,-24.349790073762,12,17,True,False
logtau,6,4,23,46.29789004725093,1.4419578675747946,8,-5.851909008723155,10,17,False,False
logtau,6,4,24,7212.429469478825,10.708893252563456,15,-24.0754893634346,7,17,True,False
logtau,6,4,25,5870.5901911938845,9.665627077864624,13,0.44475344070147305,5,17,False,False
logtau,6,4,26,1326.5760811372568,24.298867150641378,17,-25.05857801115814,15,17,True,True
logtau,6,4,27,147.7500950999335,5.0188620061114575,12,30.800622775990316,1,17,False,False
logtau,6,4,28,6341.182853744876,7.034723476344551,12,-13.909961940751625,6,17,False,False
logtau,6,4,29,4.011294955762575,-18.71593388031623,9,27.940536227558145,5,17,False,False
logtau,6,4,30,4387.603874023224,28.279529705940078,17,-28.701830458537213,16,17,True,True
logtau,6,4,31,720.544438463486,-6.807405407065293,12,-24.541387549169947,12,17,False,False
logtau,6,4,32,8474.115656641412,10.355415478005337,15,-15.218911637455179,10,17,True,False
